,0,1,2,3,4,5,6,7,8,9,10,11,12,13,14,15,16,17,18,19,20,21,22,23,24,25,26,27,28,29,30,31,32,33,34,35,36,37,38,39,40,41,42,43,44,45,46,47,48,49,50,51,52,53,54,55,56,57,58,59,60,61,62,63,64,65,66,67,68,69,70,71,72,73,74,75,76,77,78,79,80,81,82,83,84,85,86,87,88,89,90,91,92,93,94,95,96,97,98,99,100
0,-84.0,-84.0,-84.0,-84.0,-84.0,-84.0,-84.0,-84.0,-84.0,-84.0,-84.0,-84.0,-84.0,-84.0,-84.0,-84.0,-84.0,-84.0,-84.0,-84.0,-84.0,-84.0,-84.0,-84.0,-84.0,-84.0,-84.0,-84.0,-84.0,-84.0,-84.0,-84.0,-84.0,-84.0,-84.0,-84.0,-84.0,-84.0,-84.66666666666667,-86.0,-87.66666666666667,-89.66666666666667,-91.33333333333333,-93.0,-94.0,-94.66666666666667,-94.33333333333333,-93.66666666666667,-93.66666666666667,-93.66666666666667,-93.66666666666667,-93.33333333333333,-93.66666666666667,-92.33333333333333,-91.0,-89.66666666666667,-88.0,-86.33333333333333,-84.66666666666667,-84.66666666666667,-84.33333333333333,-84.0,-84.33333333333333,-84.33333333333333,-84.33333333333333,-84.33333333333333,-84.33333333333333,-84.66666666666667,-84.66666666666667,-85.0,-85.0,-85.0,-85.0,-84.66666666666667,-85.33333333333333,-85.33333333333333,-85.33333333333333,-85.33333333333333,-86.33333333333333,-86.66666666666667,-85.66666666666667,-85.33333333333333,-85.33333333333333,-85.66666666666667,-85.0,-84.66666666666667,-85.0,-85.0,-85.0,-84.66666666666667,-84.33333333333333,-84.66666666666667,-84.33333333333333,-84.33333333333333,-84.33333333333333,-84.33333333333333,-84.33333333333333,-84.0,-84.0,-84.0,hand_cover
1,-85.0,-85.0,-85.0,-85.66666666666667,-86.0,-86.33333333333333,-85.66666666666667,-86.0,-86.33333333333333,-86.0,-86.33333333333333,-86.66666666666667,-87.33333333333333,-88.33333333333333,-89.66666666666667,-91.33333333333333,-92.33333333333333,-93.33333333333333,-94.0,-94.33333333333333,-94.33333333333333,-94.0,-94.0,-94.0,-94.33333333333333,-93.0,-91.33333333333333,-90.0,-88.66666666666667,-87.0,-85.0,-84.66666666666667,-84.66666666666667,-84.33333333333333,-84.33333333333333,-84.33333333333333,-84.33333333333333,-84.33333333333333,-84.33333333333333,-84.33333333333333,-84.0,-84.0,-84.0,-84.0,-84.0,-84.0,-84.0,-84.0,-85.66666666666667,-87.0,-88.66666666666667,-90.33333333333333,-90.33333333333333,-90.33333333333333,-88.66666666666667,-87.33333333333333,-85.66666666666667,-84.0,-84.0,-84.0,-84.0,-84.0,-84.0,-84.33333333333333,-84.33333333333333,-84.66666666666667,-84.66666666666667,-85.0,-85.33333333333333,-85.0,-85.33333333333333,-85.33333333333333,-85.66666666666667,-85.66666666666667,-85.66666666666667,-86.0,-85.66666666666667,-85.66666666666667,-85.66666666666667,-85.66666666666667,-85.66666666666667,-85.66666666666667,-85.66666666666667,-85.66666666666667,-85.66666666666667,-85.66666666666667,-86.33333333333333,-86.33333333333333,-86.66666666666667,-86.66666666666667,-87.33333333333333,-88.66666666666667,-89.0,-90.0,-91.33333333333333,-92.33333333333333,-92.66666666666667,-92.33333333333333,-92.66666666666667,-92.66666666666667,hand_cover
2,-92.66666666666667,-93.0,-93.33333333333333,-93.66666666666667,-93.33333333333333,-93.33333333333333,-93.0,-92.66666666666667,-92.33333333333333,-91.0,-90.0,-89.0,-87.66666666666667,-86.33333333333333,-85.0,-84.66666666666667,-84.33333333333333,-84.0,-84.0,-84.0,-84.0,-84.0,-84.0,-84.0,-84.0,-84.0,-84.0,-84.0,-84.0,-85.0,-85.0,-85.0,-85.0,-85.0,-85.0,-85.0,-85.0,-85.0,-85.0,-85.0,-85.0,-84.0,-84.0,-84.0,-84.0,-84.0,-84.0,-84.0,-84.0,-84.0,-84.0,-84.0,-84.0,-84.0,-84.0,-84.0,-84.0,-84.0,-84.0,-84.0,-84.0,-84.0,-84.0,-84.0,-84.0,-84.0,-84.0,-84.0,-84.0,-84.33333333333333,-84.66666666666667,-85.0,-85.33333333333333,-86.0,-88.0,-89.33333333333333,-90.66666666666667,-92.0,-93.33333333333333,-94.33333333333333,-94.0,-94.0,-94.0,-93.66666666666667,-93.66666666666667,-93.66666666666667,-93.66666666666667,-93.66666666666667,-93.66666666666667,-93.33333333333333,-91.66666666666667,-90.0,-88.66666666666667,-87.0,-85.33333333333333,-84.33333333333333,-84.33333333333333,-84.33333333333333,-84.0,-84.0,hand_cover
3,-84.0,-84.0,-84.0,-84.0,-84.0,-84.0,-84.0,-84.0,-84.0,-84.0,-84.0,-84.0,-84.0,-84.0,-84.0,-84.0,-84.0,-84.0,-84.0,-84.0,-84.0,-84.0,-84.0,-84.0,-84.0,-85.0,-85.0,-85.0,-85.0,-85.0,-85.0,-84.0,-84.0,-84.0,-84.0,-84.0,-84.0,-84.0,-84.0,-84.0,-84.0,-84.0,-84.0,-84.0,-84.0,-84.0,-84.0,-84.0,-84.0,-84.33333333333333,-85.33333333333333,-85.66666666666667,-85.66666666666667,-86.33333333333333,-87.33333333333333,-88.33333333333333,-88.66666666666667,-89.66666666666667,-91.0,-91.66666666666667,-92.33333333333333,-92.33333333333333,-92.66666666666667,-92.66666666666667,-92.66666666666667,-92.66666666666667,-92.33333333333333,-92.33333333333333,-92.0,-91.66666666666667,-91.66666666666667,-91.66666666666667,-91.66666666666667,-92.0,-92.33333333333333,-92.66666666666667,-92.66666666666667,-92.66666666666667,-92.66666666666667,-92.33333333333333,-90.66666666666667,-89.33333333333333,-88.0,-87.0,-86.0,-84.66666666666667,-84.66666666666667,-84.66666666666667,-84.66666666666667,-84.33333333333333,-84.0,-85.0,-85.0,-85.0,-85.0,-85.0,-85.0,-84.0,-84.0,-84.0,hand_cover
4,-84.0,-84.0,-84.0,-84.0,-84.0,-84.0,-84.0,-84.0,-84.0,-83.33333333333333,-82.66666666666667,-82.66666666666667,-82.0,-81.33333333333333,-80.66666666666667,-81.33333333333333,-82.0,-81.33333333333333,-81.33333333333333,-82.0,-82.66666666666667,-82.0,-81.33333333333333,-82.0,-83.66666666666667,-83.66666666666667,-83.66666666666667,-84.33333333333333,-85.0,-85.0,-84.0,-84.0,-84.0,-84.0,-84.0,-84.0,-84.0,-84.0,-84.0,-84.0,-84.0,-84.0,-84.0,-84.0,-84.0,-84.0,-84.0,-84.33333333333333,-84.33333333333333,-84.33333333333333,-84.66666666666667,-85.0,-85.66666666666667,-86.33333333333333,-87.33333333333333,-88.33333333333333,-89.0,-89.66666666666667,-90.33333333333333,-90.33333333333333,-90.33333333333333,-90.33333333333333,-90.33333333333333,-90.33333333333333,-90.0,-90.0,-90.0,-90.33333333333333,-90.66666666666667,-91.0,-91.33333333333333,-91.66666666666667,-92.0,-92.33333333333333,-92.33333333333333,-92.33333333333333,-92.33333333333333,-92.33333333333333,-92.66666666666667,-92.33333333333333,-92.33333333333333,-92.66666666666667,-92.66666666666667,-92.0,-90.66666666666667,-89.33333333333333,-88.0,-86.33333333333333,-86.0,-85.33333333333333,-85.0,-85.0,-85.0,-85.0,-84.0,-84.0,-84.0,-84.0,-84.0,-84.0,hand_cover
5,-84.0,-84.0,-84.0,-84.0,-84.0,-84.0,-84.0,-84.0,-84.0,-84.0,-84.0,-84.0,-84.0,-84.0,-84.0,-84.0,-84.0,-84.0,-84.0,-84.0,-84.0,-84.0,-84.0,-84.0,-84.0,-84.0,-84.0,-84.0,-84.0,-84.0,-84.0,-84.0,-84.0,-84.0,-84.0,-85.0,-85.0,-85.0,-86.0,-86.0,-86.0,-85.0,-85.33333333333333,-86.0,-86.0,-87.0,-88.0,-89.0,-89.66666666666667,-90.0,-90.33333333333333,-90.33333333333333,-90.66666666666667,-91.0,-91.33333333333333,-91.33333333333333,-91.0,-91.33333333333333,-91.0,-91.0,-91.0,-91.33333333333333,-91.66666666666667,-91.66666666666667,-92.0,-92.0,-92.0,-92.0,-92.0,-92.0,-91.66666666666667,-91.66666666666667,-92.0,-92.0,-92.0,-92.0,-92.0,-92.0,-91.66666666666667,-92.0,-92.0,-92.0,-91.33333333333333,-90.33333333333333,-89.33333333333333,-87.66666666666667,-86.33333333333333,-85.0,-84.66666666666667,-84.33333333333333,-84.0,-84.0,-84.0,-84.0,-84.0,-84.0,-84.0,-84.0,-85.0,-85.0,hand_cover
6,-85.0,-85.0,-85.0,-85.0,-84.0,-84.0,-84.0,-84.0,-84.0,-84.0,-84.0,-84.0,-84.0,-84.0,-84.0,-84.0,-84.0,-84.0,-84.0,-84.33333333333333,-84.33333333333333,-84.33333333333333,-84.33333333333333,-84.33333333333333,-84.33333333333333,-84.0,-84.0,-84.0,-84.0,-84.0,-84.0,-84.0,-84.0,-84.0,-84.0,-84.0,-84.33333333333333,-84.66666666666667,-84.66666666666667,-85.0,-85.33333333333333,-85.66666666666667,-85.66666666666667,-86.33333333333333,-87.33333333333333,-88.0,-89.0,-89.66666666666667,-90.33333333333333,-90.33333333333333,-90.33333333333333,-90.66666666666667,-90.66666666666667,-91.0,-91.33333333333333,-91.33333333333333,-91.33333333333333,-91.0,-90.66666666666667,-90.33333333333333,-90.0,-90.33333333333333,-90.66666666666667,-90.66666666666667,-90.66666666666667,-91.0,-91.0,-90.66666666666667,-90.33333333333333,-90.33333333333333,-90.33333333333333,-90.0,-90.33333333333333,-90.33333333333333,-90.33333333333333,-90.33333333333333,-90.33333333333333,-90.33333333333333,-90.33333333333333,-90.33333333333333,-90.33333333333333,-90.66666666666667,-90.66666666666667,-90.66666666666667,-90.33333333333333,-90.33333333333333,-90.33333333333333,-90.0,-90.0,-90.0,-90.0,-90.0,-90.0,-89.66666666666667,-88.66666666666667,-87.66666666666667,-86.66666666666667,-86.0,-85.0,-84.33333333333333,hand_cover
7,-84.33333333333333,-84.33333333333333,-84.33333333333333,-84.0,-84.0,-84.0,-84.0,-84.0,-84.0,-84.0,-84.0,-84.0,-84.0,-84.0,-84.0,-84.0,-84.0,-84.0,-84.0,-84.0,-84.0,-84.0,-84.0,-85.0,-85.0,-85.0,-85.0,-85.0,-85.0,-84.0,-84.0,-84.0,-84.0,-84.0,-84.0,-84.0,-84.0,-84.0,-84.0,-84.0,-84.0,-84.0,-84.0,-84.0,-84.0,-84.0,-84.0,-84.0,-84.0,-84.0,-84.0,-84.0,-84.0,-84.33333333333333,-84.66666666666667,-85.0,-85.66666666666667,-86.66666666666667,-87.66666666666667,-88.33333333333333,-89.0,-89.66666666666667,-90.0,-90.0,-90.0,-90.0,-90.0,-90.0,-90.0,-90.0,-90.0,-90.0,-90.0,-90.0,-90.0,-90.0,-90.0,-90.0,-90.0,-90.0,-90.0,-90.33333333333333,-90.33333333333333,-90.66666666666667,-91.0,-91.0,-91.33333333333333,-91.0,-91.0,-91.0,-91.0,-91.33333333333333,-91.33333333333333,-91.66666666666667,-91.66666666666667,-91.66666666666667,-91.33333333333333,-91.33333333333333,-90.66666666666667,-89.66666666666667,hand_cover
8,-89.0,-87.66666666666667,-86.66666666666667,-85.33333333333333,-84.66666666666667,-84.33333333333333,-85.0,-85.0,-85.0,-85.0,-85.0,-85.0,-84.0,-84.0,-84.0,-84.0,-84.0,-84.0,-84.0,-84.0,-84.0,-84.0,-84.0,-84.0,-84.0,-84.0,-84.0,-84.0,-84.0,-84.0,-84.0,-84.0,-84.0,-84.0,-84.0,-84.0,-84.0,-84.0,-84.0,-84.0,-84.0,-84.0,-84.0,-84.0,-84.0,-84.0,-84.0,-84.0,-84.0,-84.0,-84.0,-84.0,-84.0,-84.0,-84.33333333333333,-84.66666666666667,-85.0,-85.0,-84.33333333333333,-85.0,-84.0,-84.66666666666667,-83.66666666666667,-84.66666666666667,-84.66666666666667,-85.0,-87.0,-87.0,-88.66666666666667,-88.66666666666667,-90.33333333333333,-90.33333333333333,-90.0,-90.0,-90.0,-90.33333333333333,-90.66666666666667,-91.0,-91.33333333333333,-91.66666666666667,-92.0,-92.33333333333333,-92.33333333333333,-92.33333333333333,-92.33333333333333,-92.33333333333333,-92.33333333333333,-92.0,-92.0,-92.0,-92.33333333333333,-92.33333333333333,-92.33333333333333,-92.33333333333333,-92.33333333333333,-92.33333333333333,-92.0,-92.0,-92.0,-92.0,hand_cover
9,-92.0,-92.0,-92.0,-92.0,-92.0,-92.0,-92.0,-92.0,-90.66666666666667,-89.33333333333333,-88.0,-86.66666666666667,-85.33333333333333,-84.0,-84.0,-84.0,-84.0,-84.0,-84.0,-84.0,-84.0,-84.0,-84.0,-84.0,-84.0,-84.0,-84.0,-84.0,-84.0,-84.0,-84.0,-84.0,-84.0,-84.0,-84.0,-84.0,-84.0,-84.0,-84.0,-84.0,-84.0,-85.0,-85.0,-85.0,-85.0,-85.0,-85.0,-84.0,-84.0,-84.0,-84.0,-84.0,-84.0,-84.0,-84.0,-84.0,-84.0,-84.0,-84.0,-84.0,-84.0,-84.0,-84.0,-84.0,-84.0,-84.0,-84.33333333333333,-85.33333333333333,-86.33333333333333,-87.33333333333333,-88.33333333333333,-89.33333333333333,-90.0,-90.0,-90.0,-90.0,-90.0,-90.0,-90.0,-90.0,-90.0,-90.0,-90.0,-90.0,-90.0,-90.0,-90.0,-90.0,-90.0,-90.0,-90.66666666666667,-90.66666666666667,-90.66666666666667,-90.66666666666667,-90.66666666666667,-90.66666666666667,-90.0,-90.0,-90.0,-90.0,hand_cover
10,-90.0,-91.0,-91.0,-92.0,-92.0,-92.0,-92.0,-91.0,-91.0,-90.0,-90.0,-90.0,-90.0,-90.0,-90.0,-89.33333333333333,-88.66666666666667,-88.0,-87.0,-86.0,-85.0,-84.66666666666667,-84.33333333333333,-84.0,-84.0,-84.0,-84.0,-84.0,-84.0,-84.0,-84.0,-84.0,-84.0,-84.0,-84.0,-84.0,-84.0,-84.0,-84.0,-84.0,-84.0,-84.0,-84.0,-83.66666666666667,-84.66666666666667,-84.33333333333333,-84.33333333333333,-84.33333333333333,-84.33333333333333,-84.66666666666667,-83.66666666666667,-84.0,-84.0,-84.0,-84.0,-84.0,-84.0,-84.0,-84.0,-84.0,-84.0,-84.0,-84.0,-84.0,-84.0,-84.0,-84.33333333333333,-84.66666666666667,-85.33333333333333,-86.0,-86.66666666666667,-87.33333333333333,-87.66666666666667,-88.33333333333333,-88.33333333333333,-88.66666666666667,-89.0,-89.33333333333333,-89.33333333333333,-89.33333333333333,-89.66666666666667,-89.66666666666667,-89.66666666666667,-89.66666666666667,-90.0,-90.0,-90.0,-90.0,-90.0,-90.0,-90.0,-89.66666666666667,-89.66666666666667,-89.66666666666667,-89.33333333333333,-89.0,-89.0,-89.0,-89.0,-88.66666666666667,hand_cover
11,-89.0,-89.33333333333333,-89.33333333333333,-89.66666666666667,-89.66666666666667,-90.0,-90.0,-90.0,-89.0,-88.0,-87.0,-86.0,-85.0,-84.0,-84.0,-84.0,-84.0,-84.0,-84.0,-84.0,-84.0,-84.0,-84.0,-84.0,-84.0,-84.0,-83.66666666666667,-83.66666666666667,-83.33333333333333,-83.0,-83.0,-82.66666666666667,-82.66666666666667,-82.33333333333333,-82.33333333333333,-82.33333333333333,-82.0,-82.0,-82.33333333333333,-82.33333333333333,-82.33333333333333,-82.33333333333333,-82.33333333333333,-82.33333333333333,-82.0,-82.33333333333333,-82.33333333333333,-82.66666666666667,-82.66666666666667,-82.66666666666667,-82.66666666666667,-82.33333333333333,-82.33333333333333,-82.33333333333333,-82.33333333333333,-82.33333333333333,-82.66666666666667,-83.0,-83.0,-83.0,-83.33333333333333,-83.66666666666667,-83.66666666666667,-83.66666666666667,-84.33333333333333,-85.33333333333333,-86.0,-87.0,-87.66666666666667,-87.66666666666667,-87.33333333333333,-86.33333333333333,-85.66666666666667,-84.66666666666667,-83.66666666666667,-83.66666666666667,-83.33333333333333,-83.33333333333333,-83.33333333333333,-83.33333333333333,-83.66666666666667,-83.66666666666667,-84.0,-83.66666666666667,-83.66666666666667,-83.66666666666667,-83.66666666666667,-83.33333333333333,-83.0,-83.33333333333333,-83.33333333333333,-83.33333333333333,-83.33333333333333,-83.66666666666667,-83.66666666666667,-83.66666666666667,-83.33333333333333,-83.33333333333333,-83.33333333333333,-83.33333333333333,hand_cover
12,-83.66666666666667,-83.66666666666667,-84.0,-84.0,-83.66666666666667,-83.66666666666667,-83.66666666666667,-83.33333333333333,-83.33333333333333,-85.0,-85.33333333333333,-85.0,-84.66666666666667,-85.0,-85.0,-83.33333333333333,-83.33333333333333,-83.66666666666667,-84.0,-85.66666666666667,-85.66666666666667,-85.66666666666667,-85.66666666666667,-85.66666666666667,-85.66666666666667,-84.0,-84.0,-84.0,-84.33333333333333,-85.0,-85.66666666666667,-86.33333333333333,-87.0,-87.66666666666667,-88.0,-88.0,-88.0,-88.0,-88.0,-88.0,-88.0,-88.0,-88.0,-88.0,-88.0,-88.0,-88.0,-88.0,-88.0,-88.33333333333333,-90.0,-90.0,-90.0,-90.0,-90.0,-89.66666666666667,-88.0,-88.0,-88.0,-88.0,-87.66666666666667,-87.0,-86.33333333333333,-85.66666666666667,-85.0,-84.33333333333333,-84.0,-84.0,-84.0,-83.66666666666667,-83.33333333333333,-83.33333333333333,-83.33333333333333,-83.33333333333333,-83.33333333333333,-83.66666666666667,-84.0,-84.0,-84.0,-84.0,-84.0,-84.0,-84.0,-84.0,-84.0,-84.0,-84.0,-84.0,-84.0,-84.0,-84.0,-84.0,-84.0,-84.0,-84.0,-84.0,-84.0,-84.0,-84.0,-84.0,hand_cover
13,-84.0,-84.0,-84.0,-84.0,-84.0,-84.0,-84.0,-84.0,-83.66666666666667,-83.33333333333333,-83.33333333333333,-83.33333333333333,-83.33333333333333,-83.33333333333333,-83.33333333333333,-83.66666666666667,-84.33333333333333,-85.0,-86.0,-86.66666666666667,-88.0,-89.0,-89.0,-89.0,-89.0,-89.33333333333333,-89.0,-88.66666666666667,-88.66666666666667,-89.0,-88.66666666666667,-88.33333333333333,-88.33333333333333,-88.33333333333333,-88.33333333333333,-88.33333333333333,-88.33333333333333,-89.33333333333333,-89.66666666666667,-89.66666666666667,-90.0,-90.0,-90.33333333333333,-90.33333333333333,-90.33333333333333,-91.33333333333333,-91.33333333333333,-91.66666666666667,-92.0,-91.66666666666667,-92.0,-91.33333333333333,-91.33333333333333,-91.0,-90.0,-89.0,-87.66666666666667,-87.0,-86.33333333333333,-85.33333333333333,-85.0,-84.66666666666667,-84.66666666666667,-84.33333333333333,-84.0,-84.0,-84.0,-84.0,-84.0,-84.0,-84.0,-84.0,-84.0,-84.0,-84.0,-84.0,-84.0,-84.0,-84.0,-84.0,-84.0,-84.0,-84.0,-84.0,-84.0,-84.0,-84.0,-84.0,-84.0,-84.0,-84.0,-84.0,-84.0,-84.0,-84.0,-84.0,-84.0,-84.0,-84.0,-84.0,hand_cover
14,-84.0,-84.0,-84.0,-84.0,-84.0,-84.0,-84.0,-84.0,-84.0,-84.0,-84.0,-84.0,-84.0,-84.0,-84.33333333333333,-85.33333333333333,-86.0,-86.66666666666667,-87.33333333333333,-88.0,-88.33333333333333,-88.0,-88.33333333333333,-88.33333333333333,-88.33333333333333,-88.33333333333333,-88.33333333333333,-88.33333333333333,-88.0,-88.0,-88.0,-88.0,-88.0,-89.33333333333333,-89.66666666666667,-90.0,-90.0,-90.0,-90.0,-88.66666666666667,-88.33333333333333,-88.0,-88.0,-88.0,-88.0,-88.0,-88.0,-87.33333333333333,-86.66666666666667,-86.0,-85.33333333333333,-84.66666666666667,-84.0,-84.0,-84.0,-84.0,-84.0,-84.0,-84.0,-84.0,-84.0,-84.0,-84.0,-84.0,-84.0,-84.0,-84.0,-84.0,-84.0,-84.0,-84.0,-84.0,-84.0,-84.0,-84.0,-84.0,-84.0,-84.0,-84.0,-84.0,-84.0,-84.0,-84.0,-84.0,-84.0,-84.0,-84.0,-84.0,-84.0,-84.0,-84.0,-84.0,-84.0,-84.0,-84.0,-84.0,-84.0,-84.0,-84.0,-84.0,hand_cover
15,-84.0,-84.0,-84.0,-84.0,-84.0,-84.0,-84.33333333333333,-85.0,-85.66666666666667,-86.66666666666667,-87.33333333333333,-88.0,-88.33333333333333,-89.66666666666667,-89.66666666666667,-89.33333333333333,-89.33333333333333,-89.33333333333333,-89.33333333333333,-88.0,-87.33333333333333,-86.66666666666667,-86.0,-85.33333333333333,-84.66666666666667,-83.66666666666667,-83.66666666666667,-83.66666666666667,-83.66666666666667,-83.66666666666667,-83.33333333333333,-83.66666666666667,-83.66666666666667,-83.66666666666667,-83.66666666666667,-83.66666666666667,-84.0,-84.0,-84.0,-84.0,-84.0,-84.0,-84.0,-85.33333333333333,-85.33333333333333,-85.33333333333333,-85.33333333333333,-85.33333333333333,-85.33333333333333,-84.0,-84.0,-84.0,-84.0,-84.0,-84.0,-83.66666666666667,-83.66666666666667,-83.66666666666667,-83.66666666666667,-83.66666666666667,-83.66666666666667,-84.0,-84.0,-84.0,-84.0,-84.0,-84.0,-84.0,-84.0,-84.0,-84.0,-84.0,-86.0,-86.0,-88.0,-88.0,-87.66666666666667,-87.66666666666667,-85.66666666666667,-85.66666666666667,-84.33333333333333,-85.0,-86.0,-86.66666666666667,-87.33333333333333,-88.0,-88.0,-88.0,-88.0,-88.0,-88.0,-88.0,-88.0,-88.0,-88.0,-88.0,-88.0,-88.0,-88.0,-88.33333333333333,hand_cover
16,-88.33333333333333,-88.33333333333333,-88.33333333333333,-88.33333333333333,-88.33333333333333,-88.0,-88.0,-88.0,-88.0,-88.0,-88.0,-87.33333333333333,-86.33333333333333,-85.66666666666667,-85.0,-84.33333333333333,-83.66666666666667,-83.66666666666667,-84.0,-84.0,-84.0,-84.0,-84.0,-84.0,-84.0,-84.0,-84.0,-84.0,-84.0,-84.0,-84.0,-84.0,-84.0,-84.0,-84.0,-84.0,-84.0,-84.0,-84.0,-84.0,-84.0,-84.0,-84.0,-84.0,-84.0,-84.0,-84.0,-84.0,-84.0,-84.0,-84.0,-84.0,-84.0,-84.0,-84.0,-84.0,-84.0,-84.0,-84.0,-84.0,-84.0,-84.0,-84.0,-84.0,-84.0,-84.0,-84.0,-84.0,-84.33333333333333,-85.0,-85.66666666666667,-86.33333333333333,-87.0,-87.66666666666667,-88.0,-88.0,-88.0,-88.0,-88.0,-88.0,-88.0,-88.0,-88.0,-88.0,-88.0,-88.0,-88.0,-88.0,-88.0,-88.0,-88.0,-88.0,-88.0,-88.0,-88.0,-88.0,-88.0,-88.0,-88.0,-89.33333333333333,hand_cover
17,-89.33333333333333,-89.33333333333333,-89.33333333333333,-89.33333333333333,-88.66666666666667,-86.66666666666667,-86.0,-85.33333333333333,-84.66666666666667,-84.0,-84.0,-84.0,-84.0,-84.0,-84.0,-84.0,-84.0,-84.0,-84.0,-84.0,-84.0,-84.0,-84.0,-84.0,-84.0,-84.0,-84.0,-84.0,-84.0,-84.0,-84.0,-84.0,-84.0,-84.0,-84.0,-84.0,-85.66666666666667,-85.66666666666667,-85.66666666666667,-85.66666666666667,-85.66666666666667,-85.66666666666667,-84.0,-84.0,-84.0,-84.0,-84.0,-84.0,-84.0,-84.0,-84.0,-84.0,-84.0,-84.0,-84.0,-84.0,-84.0,-84.0,-84.0,-83.66666666666667,-83.66666666666667,-83.66666666666667,-83.66666666666667,-83.66666666666667,-84.0,-84.66666666666667,-85.0,-85.33333333333333,-85.66666666666667,-86.0,-86.0,-86.0,-86.0,-86.33333333333333,-86.33333333333333,-86.33333333333333,-86.66666666666667,-86.66666666666667,-87.0,-86.66666666666667,-86.66666666666667,-87.0,-87.0,-87.33333333333333,-87.33333333333333,-87.66666666666667,-88.0,-88.0,-88.0,-88.0,-87.66666666666667,-87.33333333333333,-87.0,-87.0,-86.66666666666667,-86.66666666666667,-86.66666666666667,-86.66666666666667,-86.66666666666667,-86.33333333333333,hand_cover
18,-86.66666666666667,-86.66666666666667,-87.0,-87.33333333333333,-87.66666666666667,-88.0,-87.66666666666667,-87.0,-86.33333333333333,-85.66666666666667,-85.0,-84.33333333333333,-84.0,-84.0,-84.0,-84.0,-84.0,-85.66666666666667,-85.66666666666667,-85.66666666666667,-85.66666666666667,-85.66666666666667,-85.66666666666667,-84.0,-84.0,-84.0,-84.0,-84.0,-84.0,-84.0,-84.0,-84.0,-84.0,-84.0,-84.0,-84.0,-84.0,-84.0,-84.0,-84.0,-84.0,-84.0,-84.0,-84.0,-84.0,-84.0,-84.0,-84.0,-84.33333333333333,-84.33333333333333,-84.66666666666667,-84.66666666666667,-85.66666666666667,-86.0,-86.0,-86.33333333333333,-86.33333333333333,-86.66666666666667,-85.66666666666667,-85.33333333333333,-85.0,-84.66666666666667,-84.66666666666667,-84.33333333333333,-84.66666666666667,-85.0,-86.0,-86.66666666666667,-87.0,-87.33333333333333,-87.66666666666667,-88.0,-87.66666666666667,-87.66666666666667,-87.66666666666667,-88.0,-88.0,-89.0,-89.0,-89.0,-89.0,-89.0,-89.0,-88.0,-88.0,-88.0,-88.0,-88.0,-88.0,-88.0,-88.0,-88.0,-88.33333333333333,-88.33333333333333,-88.66666666666667,-89.0,-89.33333333333333,-89.33333333333333,-89.0,-89.33333333333333,hand_cover
19,-89.0,-89.0,-89.0,-89.33333333333333,-89.66666666666667,-89.66666666666667,-90.0,-90.0,-90.0,-89.66666666666667,-88.66666666666667,-88.0,-87.0,-86.0,-85.0,-84.33333333333333,-84.33333333333333,-84.0,-84.0,-84.0,-84.33333333333333,-84.33333333333333,-84.66666666666667,-84.66666666666667,-84.66666666666667,-85.0,-85.0,-85.33333333333333,-85.0,-85.33333333333333,-85.33333333333333,-85.0,-84.66666666666667,-84.33333333333333,-85.33333333333333,-85.0,-85.0,-85.0,-85.0,-85.0,-84.0,-84.0,-84.0,-84.0,-84.0,-84.0,-84.0,-84.0,-84.0,-84.0,-84.0,-84.0,-84.0,-84.33333333333333,-84.33333333333333,-84.33333333333333,-84.33333333333333,-84.33333333333333,-84.66666666666667,-84.66666666666667,-84.66666666666667,-84.66666666666667,-84.66666666666667,-84.66666666666667,-84.33333333333333,-84.0,-85.0,-85.0,-85.0,-85.0,-85.0,-85.33333333333333,-84.66666666666667,-85.33333333333333,-86.0,-86.66666666666667,-87.66666666666667,-88.0,-88.33333333333333,-88.33333333333333,-88.66666666666667,-89.0,-89.0,-89.0,-89.0,-89.0,-88.66666666666667,-88.33333333333333,-88.0,-88.0,-88.0,-88.0,-88.0,-88.0,-88.33333333333333,-88.33333333333333,-88.66666666666667,-89.0,-89.33333333333333,-89.33333333333333,hand_cover
20,-88.0,-88.0,-88.0,-88.0,-88.0,-88.33333333333333,-88.66666666666667,-88.66666666666667,-88.66666666666667,-88.66666666666667,-88.33333333333333,-87.66666666666667,-87.0,-86.66666666666667,-86.33333333333333,-86.0,-86.33333333333333,-86.66666666666667,-87.0,-87.33333333333333,-87.33333333333333,-87.33333333333333,-87.0,-86.33333333333333,-86.0,-85.33333333333333,-85.0,-84.66666666666667,-84.33333333333333,-84.33333333333333,-84.0,-84.0,-85.66666666666667,-85.66666666666667,-85.66666666666667,-85.66666666666667,-85.66666666666667,-85.66666666666667,-84.0,-84.33333333333333,-84.66666666666667,-86.0,-87.0,-87.66666666666667,-88.33333333333333,-88.33333333333333,-88.33333333333333,-87.33333333333333,-86.66666666666667,-86.33333333333333,-86.0,-86.0,-86.0,-86.33333333333333,-86.66666666666667,-87.0,-87.33333333333333,-88.0,-88.66666666666667,-89.0,-89.33333333333333,-89.66666666666667,-90.0,-89.66666666666667,-89.0,-88.33333333333333,-87.66666666666667,-87.0,-86.33333333333333,-86.0,-86.0,-86.0,-86.0,-86.33333333333333,-86.66666666666667,-86.66666666666667,-86.66666666666667,-86.66666666666667,-86.66666666666667,-86.33333333333333,-85.66666666666667,-85.33333333333333,-85.0,-84.66666666666667,-84.33333333333333,-84.0,-84.0,-84.0,-84.33333333333333,-84.66666666666667,-85.0,-85.33333333333333,-85.66666666666667,-86.33333333333333,-86.66666666666667,-87.0,-87.0,-87.0,-87.0,-86.66666666666667,hand_quick_wave
21,-88.0,-89.33333333333333,-89.33333333333333,-89.33333333333333,-89.33333333333333,-89.33333333333333,-87.66666666666667,-86.33333333333333,-86.66666666666667,-87.0,-87.33333333333333,-87.66666666666667,-88.0,-88.33333333333333,-88.33333333333333,-88.33333333333333,-88.0,-87.66666666666667,-87.33333333333333,-86.66666666666667,-86.33333333333333,-86.0,-86.0,-86.33333333333333,-87.33333333333333,-87.33333333333333,-87.33333333333333,-87.33333333333333,-87.0,-86.33333333333333,-85.33333333333333,-85.0,-84.66666666666667,-85.33333333333333,-85.33333333333333,-85.33333333333333,-85.0,-85.0,-85.33333333333333,-84.66666666666667,-85.33333333333333,-86.0,-86.66666666666667,-87.33333333333333,-87.33333333333333,-87.33333333333333,-87.0,-86.66666666666667,-86.33333333333333,-86.0,-86.0,-86.0,-86.0,-86.33333333333333,-86.66666666666667,-87.0,-87.33333333333333,-87.66666666666667,-88.0,-88.0,-88.33333333333333,-88.33333333333333,-88.33333333333333,-88.0,-87.66666666666667,-87.33333333333333,-86.66666666666667,-86.33333333333333,-86.0,-86.66666666666667,-87.0,-87.33333333333333,-87.66666666666667,-87.66666666666667,-87.66666666666667,-87.0,-86.66666666666667,-86.33333333333333,-85.66666666666667,-85.33333333333333,-85.0,-84.66666666666667,-84.33333333333333,-84.0,-85.66666666666667,-86.66666666666667,-88.33333333333333,-88.33333333333333,-90.0,-90.0,-88.33333333333333,-87.33333333333333,-85.66666666666667,-86.0,-84.66666666666667,-85.0,-85.66666666666667,-86.33333333333333,-86.66666666666667,-86.66666666666667,hand_quick_wave
22,-86.66666666666667,-86.66666666666667,-86.33333333333333,-86.0,-86.0,-86.0,-86.33333333333333,-86.66666666666667,-87.0,-87.33333333333333,-87.66666666666667,-88.0,-89.66666666666667,-89.66666666666667,-90.0,-90.0,-90.0,-90.33333333333333,-89.0,-89.33333333333333,-89.0,-89.0,-89.0,-90.0,-89.66666666666667,-89.0,-88.66666666666667,-88.33333333333333,-88.0,-86.33333333333333,-86.0,-86.33333333333333,-86.66666666666667,-87.0,-87.33333333333333,-87.66666666666667,-88.66666666666667,-88.66666666666667,-88.66666666666667,-88.33333333333333,-88.0,-87.66666666666667,-86.66666666666667,-86.33333333333333,-85.66666666666667,-86.66666666666667,-86.66666666666667,-86.66666666666667,-86.66666666666667,-86.66666666666667,-87.33333333333333,-86.66666666666667,-86.66666666666667,-86.66666666666667,-86.66666666666667,-86.66666666666667,-86.33333333333333,-86.0,-86.0,-86.0,-86.0,-86.0,-86.0,-86.33333333333333,-86.66666666666667,-87.0,-87.33333333333333,-87.66666666666667,-88.0,-88.0,-88.0,-88.0,-88.33333333333333,-88.33333333333333,-88.33333333333333,-88.33333333333333,-88.33333333333333,-88.33333333333333,-88.0,-88.0,-87.66666666666667,-87.33333333333333,-87.0,-86.66666666666667,-86.33333333333333,-87.33333333333333,-87.33333333333333,-87.33333333333333,-87.33333333333333,-87.33333333333333,-87.66666666666667,-87.0,-87.33333333333333,-87.66666666666667,-88.0,-89.33333333333333,-89.33333333333333,-89.0,-89.0,-89.0,hand_quick_wave
23,-89.0,-88.33333333333333,-88.33333333333333,-88.33333333333333,-88.33333333333333,-88.33333333333333,-88.33333333333333,-88.0,-88.0,-88.0,-88.66666666666667,-88.66666666666667,-88.66666666666667,-88.66666666666667,-88.66666666666667,-88.66666666666667,-88.0,-87.66666666666667,-87.33333333333333,-87.0,-86.66666666666667,-86.0,-85.33333333333333,-85.0,-84.66666666666667,-84.33333333333333,-84.0,-84.33333333333333,-84.66666666666667,-85.0,-85.66666666666667,-86.33333333333333,-87.0,-87.33333333333333,-87.66666666666667,-87.66666666666667,-87.33333333333333,-87.0,-86.66666666666667,-86.33333333333333,-86.0,-86.0,-86.0,-86.33333333333333,-86.66666666666667,-87.0,-87.33333333333333,-87.66666666666667,-88.0,-88.0,-88.0,-88.0,-88.0,-88.33333333333333,-88.66666666666667,-89.0,-89.33333333333333,-89.66666666666667,-90.0,-91.0,-90.33333333333333,-89.66666666666667,-89.0,-88.33333333333333,-87.66666666666667,-86.0,-86.0,-86.0,-86.0,-86.0,-86.33333333333333,-86.66666666666667,-87.0,-87.33333333333333,-87.66666666666667,-87.66666666666667,-88.33333333333333,-88.0,-87.66666666666667,-87.0,-86.33333333333333,-86.0,-84.66666666666667,-84.33333333333333,-84.0,-84.0,-84.0,-84.33333333333333,-85.0,-85.66666666666667,-86.33333333333333,-87.0,-87.33333333333333,-87.33333333333333,-87.0,-86.66666666666667,-86.33333333333333,-86.0,-86.0,-86.0,hand_quick_wave
24,-86.0,-86.0,-86.33333333333333,-86.66666666666667,-87.0,-87.33333333333333,-87.66666666666667,-88.33333333333333,-88.66666666666667,-89.0,-89.33333333333333,-89.66666666666667,-90.0,-90.0,-90.0,-90.0,-89.66666666666667,-89.33333333333333,-89.0,-88.66666666666667,-88.0,-87.33333333333333,-87.0,-86.66666666666667,-86.33333333333333,-86.0,-86.0,-86.0,-86.33333333333333,-86.66666666666667,-86.66666666666667,-86.66666666666667,-86.66666666666667,-86.66666666666667,-86.33333333333333,-86.0,-86.0,-86.0,-86.0,-86.0,-85.66666666666667,-85.33333333333333,-85.0,-84.66666666666667,-84.33333333333333,-84.33333333333333,-84.66666666666667,-85.33333333333333,-86.0,-86.33333333333333,-86.66666666666667,-86.66666666666667,-86.66666666666667,-86.33333333333333,-86.0,-86.0,-86.0,-86.0,-86.33333333333333,-86.66666666666667,-87.0,-87.33333333333333,-87.66666666666667,-88.0,-88.0,-88.33333333333333,-88.33333333333333,-88.33333333333333,-88.33333333333333,-88.0,-87.66666666666667,-87.0,-86.66666666666667,-86.33333333333333,-86.0,-86.0,-86.0,-86.33333333333333,-86.66666666666667,-87.0,-87.33333333333333,-87.66666666666667,-88.33333333333333,-88.33333333333333,-88.0,-87.66666666666667,-87.33333333333333,-87.0,-86.33333333333333,-86.0,-85.66666666666667,-85.33333333333333,-86.33333333333333,-86.33333333333333,-86.33333333333333,-86.66666666666667,-87.33333333333333,-87.66666666666667,-86.66666666666667,-86.66666666666667,hand_quick_wave
25,-86.66666666666667,-86.33333333333333,-87.33333333333333,-87.33333333333333,-87.33333333333333,-87.33333333333333,-87.33333333333333,-87.66666666666667,-86.66666666666667,-87.0,-87.33333333333333,-87.66666666666667,-88.0,-88.33333333333333,-88.66666666666667,-89.0,-89.33333333333333,-89.66666666666667,-89.66666666666667,-89.33333333333333,-89.0,-88.66666666666667,-88.33333333333333,-88.0,-87.66666666666667,-87.33333333333333,-87.0,-86.66666666666667,-86.33333333333333,-86.0,-86.0,-86.0,-86.33333333333333,-86.66666666666667,-87.0,-87.33333333333333,-87.33333333333333,-87.33333333333333,-87.0,-86.66666666666667,-86.0,-85.33333333333333,-85.0,-84.66666666666667,-84.33333333333333,-84.0,-84.0,-84.0,-84.0,-84.0,-84.0,-84.0,-84.0,-84.33333333333333,-85.0,-85.66666666666667,-86.33333333333333,-86.66666666666667,-87.0,-87.0,-88.33333333333333,-89.66666666666667,-89.33333333333333,-91.0,-92.66666666666667,-92.66666666666667,-91.0,-89.33333333333333,-89.33333333333333,-88.0,-86.66666666666667,-87.0,-87.33333333333333,-87.66666666666667,-88.0,-88.33333333333333,-88.33333333333333,-88.33333333333333,-88.33333333333333,-88.0,-87.66666666666667,-87.0,-86.66666666666667,-86.33333333333333,-86.0,-86.33333333333333,-86.66666666666667,-87.0,-87.33333333333333,-87.33333333333333,-87.33333333333333,-87.0,-86.33333333333333,-85.66666666666667,-85.0,-84.66666666666667,-84.33333333333333,-84.0,-84.0,-84.0,hand_quick_wave
26,-84.0,-85.0,-85.0,-85.0,-85.0,-85.33333333333333,-86.0,-85.33333333333333,-85.66666666666667,-86.0,-86.33333333333333,-86.33333333333333,-86.0,-86.0,-86.0,-86.0,-86.0,-86.33333333333333,-86.66666666666667,-87.0,-87.33333333333333,-87.66666666666667,-88.0,-88.0,-88.0,-88.0,-88.0,-87.66666666666667,-87.33333333333333,-87.0,-86.66666666666667,-86.33333333333333,-86.0,-86.33333333333333,-86.66666666666667,-87.0,-87.33333333333333,-87.33333333333333,-87.33333333333333,-87.0,-86.66666666666667,-86.0,-85.33333333333333,-86.66666666666667,-88.0,-87.66666666666667,-87.33333333333333,-87.33333333333333,-87.33333333333333,-85.66666666666667,-84.0,-84.0,-84.0,-84.0,-84.0,-84.33333333333333,-84.33333333333333,-84.33333333333333,-84.33333333333333,-85.33333333333333,-85.33333333333333,-85.0,-85.0,-85.33333333333333,-85.66666666666667,-85.0,-85.33333333333333,-86.0,-86.33333333333333,-86.33333333333333,-86.33333333333333,-86.33333333333333,-86.33333333333333,-86.0,-86.0,-86.0,-86.33333333333333,-86.66666666666667,-87.0,-87.33333333333333,-87.66666666666667,-88.0,-88.0,-88.0,-88.0,-88.0,-88.0,-88.0,-88.0,-87.66666666666667,-87.33333333333333,-88.66666666666667,-90.0,-89.66666666666667,-89.33333333333333,-89.33333333333333,-89.33333333333333,-87.66666666666667,-86.0,-86.0,hand_quick_wave
27,-86.0,-86.0,-85.66666666666667,-85.33333333333333,-85.0,-84.66666666666667,-84.33333333333333,-84.0,-84.0,-84.0,-84.0,-84.0,-84.0,-84.0,-84.0,-84.0,-84.0,-85.0,-85.33333333333333,-85.66666666666667,-86.33333333333333,-87.0,-87.66666666666667,-87.0,-87.0,-87.0,-86.66666666666667,-86.33333333333333,-86.0,-86.0,-86.0,-86.0,-86.0,-86.0,-86.0,-86.0,-86.0,-86.33333333333333,-86.66666666666667,-87.0,-87.33333333333333,-87.66666666666667,-88.0,-88.0,-88.0,-88.0,-88.0,-88.0,-88.0,-87.66666666666667,-87.33333333333333,-87.0,-86.66666666666667,-86.33333333333333,-86.33333333333333,-86.66666666666667,-87.0,-87.33333333333333,-87.66666666666667,-87.66666666666667,-87.33333333333333,-87.0,-86.33333333333333,-85.66666666666667,-85.0,-84.66666666666667,-84.33333333333333,-84.0,-84.0,-84.0,-84.0,-84.0,-84.0,-84.0,-84.33333333333333,-85.0,-85.66666666666667,-86.33333333333333,-87.0,-87.33333333333333,-87.33333333333333,-87.0,-86.66666666666667,-86.33333333333333,-86.0,-86.0,-86.0,-86.33333333333333,-86.66666666666667,-87.0,-87.33333333333333,-87.66666666666667,-88.0,-88.0,-88.0,-88.33333333333333,-88.66666666666667,-89.0,-89.33333333333333,-89.66666666666667,hand_quick_wave
28,-89.66666666666667,-89.0,-90.0,-89.33333333333333,-88.66666666666667,-88.0,-87.66666666666667,-87.66666666666667,-86.0,-86.0,-86.33333333333333,-86.66666666666667,-87.0,-87.0,-87.0,-87.0,-86.33333333333333,-85.66666666666667,-85.0,-84.66666666666667,-84.33333333333333,-84.0,-84.0,-84.0,-84.0,-84.0,-84.0,-84.0,-84.33333333333333,-84.66666666666667,-85.33333333333333,-86.0,-86.33333333333333,-86.66666666666667,-86.66666666666667,-86.66666666666667,-86.33333333333333,-86.0,-86.0,-86.0,-86.0,-86.0,-86.0,-86.33333333333333,-86.66666666666667,-87.0,-86.0,-85.0,-84.0,-82.66666666666667,-81.33333333333333,-80.0,-81.33333333333333,-82.66666666666667,-84.0,-85.33333333333333,-86.66666666666667,-88.0,-88.0,-86.66666666666667,-85.33333333333333,-85.33333333333333,-84.0,-82.66666666666667,-83.0,-84.66666666666667,-86.33333333333333,-86.66666666666667,-88.33333333333333,-90.0,-90.0,-90.0,-89.66666666666667,-89.33333333333333,-89.0,-88.33333333333333,-87.66666666666667,-87.0,-86.66666666666667,-86.33333333333333,-86.0,-86.0,-86.0,-86.0,-86.0,-86.0,-86.0,-86.0,-86.0,-85.66666666666667,-85.33333333333333,-85.0,-84.66666666666667,-84.33333333333333,-84.0,-84.0,-84.0,-84.0,-84.0,-84.0,hand_quick_wave
29,-84.0,-84.0,-84.33333333333333,-84.66666666666667,-85.0,-85.33333333333333,-85.66666666666667,-86.0,-86.0,-86.0,-86.0,-86.0,-86.0,-86.0,-86.0,-86.0,-86.0,-86.0,-86.0,-86.0,-86.33333333333333,-86.66666666666667,-87.0,-87.33333333333333,-87.66666666666667,-88.0,-88.0,-88.0,-88.0,-88.0,-88.0,-88.0,-87.66666666666667,-87.33333333333333,-87.0,-86.66666666666667,-86.33333333333333,-86.0,-86.0,-86.0,-86.33333333333333,-86.33333333333333,-86.66666666666667,-86.66666666666667,-86.66666666666667,-86.33333333333333,-85.66666666666667,-85.33333333333333,-84.66666666666667,-84.33333333333333,-84.0,-84.0,-84.0,-84.0,-84.0,-84.0,-84.0,-84.0,-84.33333333333333,-84.66666666666667,-85.33333333333333,-86.0,-86.33333333333333,-86.66666666666667,-86.66666666666667,-86.66666666666667,-86.33333333333333,-86.0,-86.0,-86.0,-86.0,-86.0,-86.0,-86.0,-86.0,-86.0,-86.33333333333333,-86.66666666666667,-87.0,-87.33333333333333,-87.66666666666667,-88.0,-88.33333333333333,-88.33333333333333,-88.66666666666667,-89.0,-89.0,-89.33333333333333,-89.33333333333333,-89.66666666666667,-89.66666666666667,-89.33333333333333,-89.33333333333333,-88.66666666666667,-88.0,-87.33333333333333,-86.66666666666667,-86.33333333333333,-86.0,-86.0,hand_quick_wave
30,-86.0,-86.0,-86.0,-86.0,-86.0,-86.33333333333333,-86.66666666666667,-87.0,-87.0,-87.0,-87.0,-86.33333333333333,-85.66666666666667,-86.66666666666667,-86.33333333333333,-86.0,-85.66666666666667,-85.66666666666667,-86.33333333333333,-85.0,-85.33333333333333,-85.66666666666667,-86.0,-86.33333333333333,-86.0,-86.0,-86.0,-86.0,-86.0,-86.0,-86.33333333333333,-86.66666666666667,-87.0,-87.33333333333333,-87.66666666666667,-88.0,-88.33333333333333,-88.33333333333333,-89.33333333333333,-89.33333333333333,-89.0,-88.66666666666667,-88.0,-87.66666666666667,-86.33333333333333,-86.0,-86.0,-86.0,-86.0,-86.0,-86.33333333333333,-86.66666666666667,-87.0,-87.33333333333333,-87.66666666666667,-87.66666666666667,-87.33333333333333,-87.0,-86.33333333333333,-85.66666666666667,-85.0,-86.0,-87.33333333333333,-88.66666666666667,-88.66666666666667,-88.66666666666667,-88.66666666666667,-87.33333333333333,-85.66666666666667,-84.33333333333333,-84.66666666666667,-85.0,-85.33333333333333,-85.66666666666667,-86.0,-86.0,-86.0,-86.0,-86.33333333333333,-86.66666666666667,-87.0,-87.66666666666667,-88.33333333333333,-89.0,-89.33333333333333,-89.66666666666667,-90.0,-89.66666666666667,-89.33333333333333,-88.66666666666667,-88.0,-87.66666666666667,-87.0,-88.66666666666667,-88.33333333333333,-88.33333333333333,-88.33333333333333,-88.0,-88.0,-86.0,hand_quick_wave
31,-87.66666666666667,-87.66666666666667,-87.66666666666667,-87.66666666666667,-87.66666666666667,-88.0,-86.33333333333333,-86.33333333333333,-86.33333333333333,-86.33333333333333,-86.33333333333333,-86.0,-85.66666666666667,-85.33333333333333,-85.0,-84.66666666666667,-84.33333333333333,-84.0,-84.0,-84.33333333333333,-84.33333333333333,-84.33333333333333,-84.33333333333333,-84.66666666666667,-85.0,-85.0,-85.33333333333333,-85.66666666666667,-86.0,-86.0,-86.0,-86.0,-86.0,-86.0,-86.0,-86.0,-86.0,-86.0,-86.0,-86.0,-86.33333333333333,-86.66666666666667,-88.0,-88.33333333333333,-88.66666666666667,-89.0,-89.0,-89.0,-88.0,-87.66666666666667,-87.33333333333333,-87.0,-86.66666666666667,-86.33333333333333,-86.0,-86.0,-86.0,-86.0,-86.0,-86.0,-86.33333333333333,-86.33333333333333,-86.33333333333333,-86.33333333333333,-86.33333333333333,-86.33333333333333,-85.66666666666667,-85.33333333333333,-85.0,-84.66666666666667,-84.33333333333333,-84.0,-84.0,-84.33333333333333,-84.33333333333333,-84.33333333333333,-84.33333333333333,-84.33333333333333,-84.66666666666667,-84.66666666666667,-86.0,-86.66666666666667,-87.0,-87.33333333333333,-87.33333333333333,-87.33333333333333,-86.33333333333333,-86.0,-86.0,-86.0,-86.0,-86.0,-86.33333333333333,-86.66666666666667,-87.0,-87.33333333333333,-87.66666666666667,-88.33333333333333,-88.66666666666667,-88.66666666666667,hand_quick_wave
32,-88.66666666666667,-89.0,-89.33333333333333,-89.33333333333333,-89.0,-89.0,-89.0,-89.66666666666667,-89.0,-88.33333333333333,-88.0,-89.0,-88.66666666666667,-87.33333333333333,-87.66666666666667,-87.66666666666667,-87.66666666666667,-86.33333333333333,-86.0,-85.66666666666667,-85.0,-84.66666666666667,-84.33333333333333,-84.33333333333333,-84.66666666666667,-85.0,-85.0,-85.0,-85.0,-84.66666666666667,-84.66666666666667,-84.66666666666667,-85.0,-85.66666666666667,-86.0,-86.33333333333333,-86.33333333333333,-86.33333333333333,-86.33333333333333,-86.0,-86.0,-86.0,-86.0,-86.0,-86.0,-86.0,-87.33333333333333,-87.66666666666667,-89.0,-89.33333333333333,-89.66666666666667,-90.0,-89.0,-89.33333333333333,-88.66666666666667,-89.0,-89.33333333333333,-89.33333333333333,-89.0,-88.33333333333333,-87.66666666666667,-87.0,-86.33333333333333,-86.0,-86.0,-86.0,-86.33333333333333,-86.66666666666667,-86.66666666666667,-86.66666666666667,-86.33333333333333,-86.33333333333333,-85.66666666666667,-85.0,-84.66666666666667,-84.33333333333333,-84.33333333333333,-84.0,-86.0,-86.0,-86.0,-86.0,-86.0,-86.33333333333333,-84.66666666666667,-85.0,-85.66666666666667,-86.0,-86.33333333333333,-86.33333333333333,-86.33333333333333,-86.33333333333333,-86.0,-86.0,-86.0,-86.0,-86.0,-86.0,-86.0,-86.33333333333333,hand_quick_wave
33,-86.33333333333333,-86.66666666666667,-87.0,-87.33333333333333,-87.66666666666667,-87.66666666666667,-88.0,-88.0,-88.0,-88.0,-87.66666666666667,-87.33333333333333,-87.0,-86.66666666666667,-86.33333333333333,-86.0,-86.0,-86.0,-86.33333333333333,-86.66666666666667,-87.0,-87.33333333333333,-87.33333333333333,-87.33333333333333,-87.0,-86.33333333333333,-85.66666666666667,-85.0,-85.0,-84.66666666666667,-84.33333333333333,-84.33333333333333,-84.33333333333333,-84.33333333333333,-84.33333333333333,-84.66666666666667,-85.0,-85.66666666666667,-86.33333333333333,-86.66666666666667,-87.0,-87.33333333333333,-87.33333333333333,-87.0,-86.66666666666667,-86.66666666666667,-86.33333333333333,-86.0,-86.0,-86.0,-86.0,-86.0,-86.0,-86.0,-86.0,-86.0,-86.0,-86.0,-86.0,-86.0,-86.33333333333333,-86.66666666666667,-87.0,-87.33333333333333,-87.66666666666667,-89.0,-88.66666666666667,-88.33333333333333,-88.0,-87.66666666666667,-87.33333333333333,-86.0,-86.0,-86.0,-86.0,-86.0,-86.33333333333333,-86.66666666666667,-86.66666666666667,-86.66666666666667,-86.66666666666667,-86.66666666666667,-86.0,-85.33333333333333,-85.0,-84.66666666666667,-84.33333333333333,-84.33333333333333,-84.66666666666667,-85.0,-85.0,-85.0,-86.33333333333333,-86.0,-86.0,-86.0,-87.66666666666667,-88.33333333333333,-87.66666666666667,-88.33333333333333,hand_quick_wave
34,-88.33333333333333,-88.66666666666667,-87.33333333333333,-87.0,-86.66666666666667,-86.33333333333333,-86.33333333333333,-86.0,-86.0,-86.0,-86.0,-86.0,-86.0,-86.0,-86.0,-86.0,-86.0,-86.0,-86.0,-86.33333333333333,-86.66666666666667,-87.0,-87.33333333333333,-87.66666666666667,-87.66666666666667,-87.33333333333333,-87.0,-86.66666666666667,-86.33333333333333,-86.0,-86.0,-86.0,-86.0,-86.33333333333333,-86.33333333333333,-88.0,-88.0,-87.66666666666667,-87.33333333333333,-86.66666666666667,-86.33333333333333,-84.33333333333333,-84.0,-84.0,-84.0,-84.0,-84.0,-84.0,-84.33333333333333,-84.66666666666667,-85.0,-85.33333333333333,-85.66666666666667,-86.0,-86.0,-86.0,-86.0,-86.0,-86.0,-87.0,-87.0,-87.0,-87.0,-87.0,-87.0,-86.0,-86.0,-86.0,-86.0,-86.0,-86.0,-86.0,-86.0,-86.0,-86.0,-86.66666666666667,-86.66666666666667,-86.66666666666667,-86.66666666666667,-86.66666666666667,-86.66666666666667,-86.0,-86.0,-87.33333333333333,-88.66666666666667,-88.33333333333333,-88.0,-87.66666666666667,-87.66666666666667,-86.33333333333333,-85.0,-85.33333333333333,-85.66666666666667,-86.0,-85.66666666666667,-85.33333333333333,-85.0,-85.0,-85.0,-85.0,hand_quick_wave
35,-85.33333333333333,-85.66666666666667,-86.0,-86.0,-86.0,-86.0,-86.0,-87.0,-87.0,-87.0,-87.0,-87.0,-87.0,-86.0,-86.0,-86.0,-86.0,-86.0,-86.0,-86.33333333333333,-86.33333333333333,-86.66666666666667,-87.0,-87.0,-87.0,-86.66666666666667,-86.66666666666667,-86.33333333333333,-86.0,-86.0,-86.0,-86.0,-86.0,-86.0,-86.0,-86.0,-86.0,-86.0,-86.0,-86.0,-86.0,-85.66666666666667,-86.66666666666667,-86.33333333333333,-86.0,-85.66666666666667,-85.33333333333333,-86.33333333333333,-85.0,-85.0,-85.0,-85.0,-85.33333333333333,-84.66666666666667,-85.0,-85.33333333333333,-85.66666666666667,-86.0,-86.0,-86.0,-86.0,-86.0,-86.0,-86.0,-86.0,-86.0,-86.66666666666667,-86.66666666666667,-86.66666666666667,-86.66666666666667,-86.66666666666667,-86.66666666666667,-86.33333333333333,-86.66666666666667,-86.66666666666667,-87.0,-87.0,-87.33333333333333,-87.0,-86.66666666666667,-87.33333333333333,-87.0,-87.0,-86.66666666666667,-86.66666666666667,-86.66666666666667,-86.0,-86.0,-86.0,-86.0,-86.0,-86.0,-85.66666666666667,-85.33333333333333,-85.0,-84.66666666666667,-84.33333333333333,-84.0,-84.66666666666667,-85.0,hand_quick_wave
36,-85.33333333333333,-86.0,-86.33333333333333,-86.66666666666667,-86.0,-85.66666666666667,-85.33333333333333,-84.66666666666667,-84.33333333333333,-84.33333333333333,-84.66666666666667,-85.0,-85.33333333333333,-85.66666666666667,-86.0,-86.0,-86.0,-86.0,-86.0,-86.0,-86.0,-86.0,-86.0,-86.0,-86.0,-86.0,-86.0,-86.0,-86.0,-86.0,-86.0,-86.0,-86.0,-86.0,-86.0,-86.0,-86.0,-86.0,-86.0,-86.0,-86.0,-86.0,-86.0,-86.0,-86.0,-86.0,-86.0,-86.0,-85.66666666666667,-85.33333333333333,-85.0,-84.66666666666667,-84.33333333333333,-84.0,-84.0,-84.0,-84.0,-84.0,-84.0,-84.33333333333333,-84.66666666666667,-85.0,-85.33333333333333,-85.66666666666667,-86.0,-86.0,-87.33333333333333,-87.33333333333333,-88.66666666666667,-88.66666666666667,-88.66666666666667,-88.66666666666667,-87.33333333333333,-87.33333333333333,-86.0,-86.0,-86.0,-86.0,-86.0,-86.0,-86.0,-86.0,-86.33333333333333,-86.66666666666667,-86.66666666666667,-86.66666666666667,-86.66666666666667,-86.66666666666667,-86.33333333333333,-86.0,-86.0,-86.0,-86.0,-86.0,-86.0,-86.0,-86.0,-86.0,-86.0,-85.66666666666667,hand_quick_wave
37,-86.66666666666667,-87.66666666666667,-87.33333333333333,-89.0,-89.66666666666667,-89.66666666666667,-88.33333333333333,-87.0,-87.0,-85.0,-84.0,-84.0,-84.0,-86.0,-87.66666666666667,-89.66666666666667,-91.33333333333333,-91.66666666666667,-92.0,-90.33333333333333,-88.66666666666667,-86.66666666666667,-85.0,-84.66666666666667,-84.66666666666667,-84.66666666666667,-85.0,-85.33333333333333,-85.66666666666667,-86.0,-86.0,-86.0,-86.0,-86.0,-86.0,-86.0,-86.0,-86.0,-86.0,-86.0,-86.0,-86.0,-86.0,-86.0,-86.0,-86.0,-86.0,-86.0,-86.0,-86.0,-86.0,-86.0,-86.0,-86.0,-86.0,-86.0,-86.0,-86.66666666666667,-86.66666666666667,-86.66666666666667,-86.66666666666667,-86.66666666666667,-86.33333333333333,-85.33333333333333,-85.0,-84.66666666666667,-84.33333333333333,-84.33333333333333,-84.66666666666667,-85.0,-85.33333333333333,-86.0,-87.0,-87.33333333333333,-87.33333333333333,-87.33333333333333,-87.0,-86.33333333333333,-85.33333333333333,-85.0,-85.0,-85.0,-85.33333333333333,-85.66666666666667,-86.0,-86.0,-86.0,-86.0,-86.0,-86.0,-86.0,-86.0,-86.0,-86.0,-86.0,-86.0,-86.0,-86.0,-86.0,-86.33333333333333,hand_quick_wave
38,-86.33333333333333,-86.66666666666667,-87.0,-87.33333333333333,-87.66666666666667,-87.66666666666667,-88.0,-88.0,-88.0,-88.0,-87.66666666666667,-87.33333333333333,-87.0,-86.66666666666667,-86.33333333333333,-86.0,-86.0,-86.0,-86.0,-86.0,-86.0,-86.0,-85.66666666666667,-85.33333333333333,-85.0,-84.66666666666667,-84.66666666666667,-84.66666666666667,-85.0,-85.33333333333333,-85.66666666666667,-86.0,-86.0,-86.0,-86.0,-86.0,-85.66666666666667,-85.33333333333333,-86.66666666666667,-86.66666666666667,-86.66666666666667,-86.66666666666667,-87.0,-87.33333333333333,-86.33333333333333,-86.33333333333333,-86.33333333333333,-86.33333333333333,-86.33333333333333,-87.33333333333333,-87.0,-87.0,-87.0,-87.0,-87.0,-86.0,-86.0,-86.0,-86.0,-86.0,-86.0,-86.0,-86.0,-86.0,-86.0,-86.0,-86.66666666666667,-87.0,-87.33333333333333,-87.66666666666667,-87.66666666666667,-87.66666666666667,-87.0,-86.66666666666667,-86.33333333333333,-86.0,-86.0,-86.0,-86.0,-86.0,-86.0,-86.0,-86.0,-86.0,-86.66666666666667,-86.66666666666667,-87.0,-87.66666666666667,-88.33333333333333,-89.33333333333333,-89.0,-89.0,-88.66666666666667,-88.0,-87.66666666666667,-86.66666666666667,-86.33333333333333,-86.33333333333333,-86.33333333333333,-86.33333333333333,hand_quick_wave
39,-86.0,-86.0,-86.0,-86.0,-86.0,-86.0,-86.0,-86.0,-86.0,-86.0,-86.0,-86.33333333333333,-86.33333333333333,-86.33333333333333,-86.66666666666667,-87.0,-87.33333333333333,-87.33333333333333,-87.33333333333333,-87.33333333333333,-87.0,-86.66666666666667,-86.66666666666667,-86.33333333333333,-87.33333333333333,-87.33333333333333,-87.33333333333333,-89.0,-90.33333333333333,-90.0,-88.66666666666667,-88.33333333333333,-88.0,-86.0,-84.33333333333333,-84.66666666666667,-85.0,-86.0,-87.66666666666667,-88.66666666666667,-89.0,-89.0,-88.66666666666667,-87.66666666666667,-86.33333333333333,-85.66666666666667,-85.33333333333333,-85.33333333333333,-85.66666666666667,-86.0,-86.0,-86.0,-86.0,-86.0,-86.0,-86.0,-86.0,-86.0,-86.0,-86.0,-86.0,-86.0,-86.33333333333333,-86.33333333333333,-86.66666666666667,-87.0,-87.33333333333333,-87.66666666666667,-87.66666666666667,-88.0,-87.66666666666667,-87.33333333333333,-87.0,-86.66666666666667,-86.33333333333333,-86.0,-86.0,-86.33333333333333,-86.66666666666667,-86.66666666666667,-86.66666666666667,-86.66666666666667,-86.66666666666667,-86.33333333333333,-86.0,-86.0,-86.0,-86.0,-86.0,-86.0,-86.0,-86.33333333333333,-87.33333333333333,-88.33333333333333,-89.33333333333333,-90.0,-90.66666666666667,-91.0,-90.66666666666667,-89.66666666666667,hand_quick_wave
40,-86.0,-86.0,-85.66666666666667,-85.66666666666667,-85.66666666666667,-87.33333333333333,-89.33333333333333,-89.33333333333333,-89.33333333333333,-89.33333333333333,-89.33333333333333,-87.66666666666667,-85.66666666666667,-85.66666666666667,-87.0,-87.0,-87.0,-86.66666666666667,-86.66666666666667,-86.66666666666667,-85.33333333333333,-85.0,-84.66666666666667,-84.66666666666667,-84.66666666666667,-84.66666666666667,-85.0,-85.0,-85.0,-85.33333333333333,-85.33333333333333,-85.0,-84.66666666666667,-84.66666666666667,-84.66666666666667,-84.66666666666667,-84.33333333333333,-84.33333333333333,-84.33333333333333,-86.33333333333333,-88.33333333333333,-88.33333333333333,-88.33333333333333,-88.66666666666667,-89.0,-87.33333333333333,-85.33333333333333,-86.66666666666667,-87.0,-87.0,-87.0,-86.66666666666667,-87.0,-85.66666666666667,-85.66666666666667,-85.33333333333333,-86.33333333333333,-86.33333333333333,-86.33333333333333,-86.33333333333333,-86.33333333333333,-86.66666666666667,-85.33333333333333,-85.66666666666667,-85.66666666666667,-85.33333333333333,-85.0,-84.66666666666667,-85.0,-85.0,-85.0,-85.33333333333333,-87.0,-87.33333333333333,-87.0,-86.66666666666667,-86.33333333333333,-86.0,-84.66666666666667,-84.33333333333333,-85.0,-85.33333333333333,-85.66666666666667,-85.66666666666667,-85.33333333333333,-85.66666666666667,-85.0,-84.66666666666667,-84.33333333333333,-84.66666666666667,-84.66666666666667,-84.33333333333333,-84.66666666666667,-85.0,-85.33333333333333,-85.0,-85.0,-85.33333333333333,-85.0,-85.0,hand_around
41,-85.0,-85.33333333333333,-85.66666666666667,-85.66666666666667,-86.0,-85.66666666666667,-85.33333333333333,-85.0,-85.0,-85.0,-85.0,-85.0,-85.33333333333333,-85.33333333333333,-85.66666666666667,-85.66666666666667,-85.66666666666667,-86.0,-86.0,-86.0,-85.66666666666667,-85.33333333333333,-85.33333333333333,-85.33333333333333,-85.33333333333333,-85.66666666666667,-85.66666666666667,-86.0,-86.0,-86.0,-86.0,-85.66666666666667,-85.33333333333333,-85.33333333333333,-85.33333333333333,-86.66666666666667,-86.66666666666667,-88.0,-88.0,-87.66666666666667,-87.66666666666667,-86.0,-86.33333333333333,-85.33333333333333,-85.66666666666667,-85.66666666666667,-85.66666666666667,-86.0,-85.33333333333333,-85.33333333333333,-85.33333333333333,-85.33333333333333,-85.33333333333333,-85.33333333333333,-85.33333333333333,-85.33333333333333,-85.0,-85.0,-85.0,-84.66666666666667,-84.66666666666667,-84.66666666666667,-84.66666666666667,-85.0,-85.0,-85.0,-86.33333333333333,-86.33333333333333,-86.66666666666667,-86.66666666666667,-86.33333333333333,-86.66666666666667,-85.66666666666667,-85.33333333333333,-85.0,-85.0,-85.0,-85.0,-85.0,-85.0,-85.33333333333333,-85.33333333333333,-85.33333333333333,-85.33333333333333,-85.0,-85.33333333333333,-85.33333333333333,-85.33333333333333,-85.33333333333333,-85.0,-85.0,-85.0,-85.0,-85.0,-85.0,-85.33333333333333,-85.66666666666667,-85.33333333333333,-85.0,-84.66666666666667,hand_around
42,-84.66666666666667,-84.66666666666667,-84.33333333333333,-84.33333333333333,-84.33333333333333,-84.66666666666667,-84.66666666666667,-84.33333333333333,-84.66666666666667,-85.0,-85.0,-84.66666666666667,-85.0,-85.0,-85.0,-85.0,-85.0,-85.33333333333333,-85.33333333333333,-85.66666666666667,-85.33333333333333,-85.33333333333333,-85.66666666666667,-85.66666666666667,-85.66666666666667,-85.33333333333333,-85.66666666666667,-85.33333333333333,-85.33333333333333,-85.33333333333333,-85.33333333333333,-85.66666666666667,-85.66666666666667,-85.66666666666667,-85.33333333333333,-85.33333333333333,-85.0,-85.0,-85.0,-85.0,-85.0,-85.0,-85.0,-85.0,-84.66666666666667,-85.0,-85.0,-85.0,-85.0,-86.33333333333333,-86.66666666666667,-86.33333333333333,-86.33333333333333,-86.33333333333333,-86.66666666666667,-85.33333333333333,-85.33333333333333,-85.66666666666667,-86.0,-86.0,-86.0,-85.66666666666667,-85.33333333333333,-85.33333333333333,-85.33333333333333,-85.33333333333333,-85.0,-85.0,-85.33333333333333,-85.33333333333333,-85.0,-85.0,-85.33333333333333,-85.66666666666667,-85.66666666666667,-85.66666666666667,-86.0,-85.66666666666667,-85.66666666666667,-85.66666666666667,-85.66666666666667,-85.66666666666667,-85.66666666666667,-85.66666666666667,-85.66666666666667,-85.66666666666667,-85.33333333333333,-85.33333333333333,-85.0,-85.33333333333333,-85.33333333333333,-85.33333333333333,-85.66666666666667,-85.33333333333333,-85.66666666666667,-85.66666666666667,-85.66666666666667,-85.66666666666667,-85.66666666666667,-86.0,hand_around
43,-86.0,-86.0,-86.0,-86.0,-86.0,-86.0,-86.0,-86.0,-85.66666666666667,-85.66666666666667,-85.66666666666667,-85.66666666666667,-85.66666666666667,-85.66666666666667,-86.0,-85.66666666666667,-85.33333333333333,-85.33333333333333,-85.0,-86.33333333333333,-86.33333333333333,-86.33333333333333,-86.33333333333333,-86.33333333333333,-86.33333333333333,-85.0,-85.33333333333333,-85.66666666666667,-86.0,-86.0,-86.0,-86.0,-85.33333333333333,-85.33333333333333,-85.33333333333333,-85.0,-85.0,-85.0,-85.0,-84.66666666666667,-84.66666666666667,-85.0,-85.0,-85.0,-85.33333333333333,-85.66666666666667,-85.66666666666667,-85.66666666666667,-85.66666666666667,-85.66666666666667,-85.66666666666667,-85.66666666666667,-85.66666666666667,-85.66666666666667,-86.0,-86.0,-86.0,-87.66666666666667,-87.66666666666667,-87.33333333333333,-87.33333333333333,-87.0,-87.0,-85.33333333333333,-85.66666666666667,-85.66666666666667,-85.66666666666667,-87.0,-87.66666666666667,-87.66666666666667,-87.33333333333333,-87.66666666666667,-87.66666666666667,-86.66666666666667,-86.0,-86.0,-86.33333333333333,-87.0,-86.66666666666667,-86.33333333333333,-86.0,-85.66666666666667,-85.0,-84.0,-84.0,-84.33333333333333,-84.66666666666667,-85.0,-85.33333333333333,-85.66666666666667,-86.0,-85.66666666666667,-85.66666666666667,-85.33333333333333,-85.66666666666667,-85.66666666666667,-85.66666666666667,-86.0,-86.0,-86.0,hand_around
44,-85.66666666666667,-85.66666666666667,-85.66666666666667,-85.66666666666667,-85.33333333333333,-85.66666666666667,-85.66666666666667,-85.66666666666667,-85.66666666666667,-85.33333333333333,-85.33333333333333,-85.0,-85.0,-85.33333333333333,-85.33333333333333,-85.66666666666667,-87.0,-87.33333333333333,-87.33333333333333,-86.66666666666667,-86.66666666666667,-86.66666666666667,-85.33333333333333,-85.33333333333333,-85.33333333333333,-85.66666666666667,-85.66666666666667,-85.66666666666667,-86.0,-86.0,-85.66666666666667,-85.33333333333333,-85.33333333333333,-85.33333333333333,-85.33333333333333,-85.0,-85.33333333333333,-85.66666666666667,-85.66666666666667,-85.66666666666667,-85.66666666666667,-85.66666666666667,-86.0,-86.33333333333333,-86.33333333333333,-86.33333333333333,-87.33333333333333,-87.66666666666667,-87.0,-88.33333333333333,-88.66666666666667,-89.0,-88.0,-88.33333333333333,-88.66666666666667,-87.0,-86.66666666666667,-86.33333333333333,-86.33333333333333,-86.0,-86.0,-85.66666666666667,-85.66666666666667,-85.66666666666667,-85.66666666666667,-85.66666666666667,-85.66666666666667,-85.66666666666667,-85.66666666666667,-85.33333333333333,-85.66666666666667,-85.66666666666667,-85.66666666666667,-86.0,-86.66666666666667,-87.0,-86.66666666666667,-86.33333333333333,-86.33333333333333,-86.0,-85.33333333333333,-85.0,-84.66666666666667,-85.0,-85.0,-85.33333333333333,-85.0,-85.0,-85.0,-84.66666666666667,-84.66666666666667,-84.33333333333333,-84.66666666666667,-86.33333333333333,-86.66666666666667,-86.66666666666667,-86.66666666666667,-86.66666666666667,-86.33333333333333,-85.0,hand_around
45,-84.66666666666667,-85.0,-85.0,-85.33333333333333,-85.66666666666667,-85.66666666666667,-86.0,-86.0,-86.0,-86.0,-85.66666666666667,-85.66666666666667,-85.33333333333333,-85.0,-85.0,-85.0,-85.33333333333333,-85.0,-85.33333333333333,-85.33333333333333,-85.33333333333333,-85.0,-84.66666666666667,-85.0,-85.0,-85.0,-84.66666666666667,-85.0,-85.33333333333333,-85.0,-85.0,-85.33333333333333,-85.66666666666667,-85.33333333333333,-85.0,-85.0,-85.0,-84.66666666666667,-84.33333333333333,-84.33333333333333,-84.33333333333333,-84.33333333333333,-84.0,-84.0,-84.33333333333333,-84.33333333333333,-84.66666666666667,-85.0,-85.0,-85.33333333333333,-85.0,-85.0,-84.66666666666667,-84.33333333333333,-84.33333333333333,-84.33333333333333,-84.33333333333333,-84.33333333333333,-84.33333333333333,-84.33333333333333,-84.66666666666667,-84.66666666666667,-85.0,-85.33333333333333,-85.33333333333333,-85.33333333333333,-85.0,-84.66666666666667,-84.66666666666667,-84.33333333333333,-84.33333333333333,-84.66666666666667,-85.0,-85.0,-85.0,-87.0,-87.33333333333333,-87.0,-86.66666666666667,-86.66666666666667,-86.33333333333333,-84.33333333333333,-84.33333333333333,-84.33333333333333,-84.66666666666667,-85.0,-85.0,-85.33333333333333,-85.0,-85.0,-84.66666666666667,-84.33333333333333,-84.33333333333333,-84.0,-84.33333333333333,-84.33333333333333,-84.66666666666667,-84.66666666666667,-84.66666666666667,-84.66666666666667,hand_around
46,-84.33333333333333,-84.66666666666667,-84.33333333333333,-84.66666666666667,-85.0,-85.33333333333333,-85.33333333333333,-85.0,-85.0,-84.66666666666667,-84.33333333333333,-84.0,-84.33333333333333,-84.66666666666667,-84.66666666666667,-84.66666666666667,-84.66666666666667,-84.66666666666667,-84.66666666666667,-84.33333333333333,-84.66666666666667,-84.66666666666667,-84.66666666666667,-84.66666666666667,-84.33333333333333,-84.33333333333333,-84.33333333333333,-84.33333333333333,-84.66666666666667,-84.66666666666667,-84.66666666666667,-84.66666666666667,-84.33333333333333,-84.33333333333333,-84.0,-84.33333333333333,-84.66666666666667,-85.0,-85.0,-85.0,-85.0,-84.66666666666667,-84.33333333333333,-84.0,-84.33333333333333,-84.33333333333333,-84.33333333333333,-84.66666666666667,-85.0,-85.33333333333333,-85.0,-85.33333333333333,-85.66666666666667,-85.33333333333333,-85.0,-85.0,-85.0,-85.0,-85.0,-85.0,-85.33333333333333,-85.0,-85.0,-85.0,-84.66666666666667,-85.0,-84.66666666666667,-85.0,-85.0,-85.0,-85.0,-85.0,-85.0,-85.0,-85.0,-84.66666666666667,-84.66666666666667,-84.66666666666667,-84.66666666666667,-84.33333333333333,-84.66666666666667,-85.0,-85.33333333333333,-85.33333333333333,-85.33333333333333,-85.33333333333333,-85.33333333333333,-85.0,-85.0,-85.0,-85.33333333333333,-85.33333333333333,-85.33333333333333,-85.66666666666667,-85.66666666666667,-85.33333333333333,-85.0,-85.0,-86.33333333333333,-86.0,hand_around
47,-85.66666666666667,-85.66666666666667,-86.0,-86.0,-84.66666666666667,-85.0,-85.0,-85.0,-86.33333333333333,-86.66666666666667,-86.33333333333333,-86.33333333333333,-86.33333333333333,-86.66666666666667,-85.0,-84.66666666666667,-85.0,-85.0,-85.0,-84.66666666666667,-84.66666666666667,-84.66666666666667,-84.33333333333333,-84.0,-84.0,-84.33333333333333,-84.66666666666667,-84.66666666666667,-85.0,-85.33333333333333,-85.33333333333333,-85.0,-85.0,-86.66666666666667,-86.33333333333333,-86.33333333333333,-86.66666666666667,-87.0,-87.0,-85.33333333333333,-85.66666666666667,-85.66666666666667,-85.66666666666667,-85.33333333333333,-85.0,-85.33333333333333,-85.33333333333333,-85.33333333333333,-85.0,-85.33333333333333,-85.33333333333333,-85.0,-84.66666666666667,-84.33333333333333,-84.33333333333333,-85.33333333333333,-85.33333333333333,-85.66666666666667,-85.66666666666667,-86.0,-86.0,-85.0,-85.33333333333333,-85.33333333333333,-85.66666666666667,-85.33333333333333,-87.0,-86.66666666666667,-86.33333333333333,-86.0,-85.66666666666667,-85.66666666666667,-84.0,-84.0,-84.33333333333333,-84.33333333333333,-84.66666666666667,-85.0,-85.33333333333333,-85.66666666666667,-85.66666666666667,-85.66666666666667,-85.33333333333333,-85.0,-84.66666666666667,-84.33333333333333,-84.0,-84.33333333333333,-84.66666666666667,-84.66666666666667,-84.66666666666667,-85.0,-85.0,-84.66666666666667,-84.66666666666667,-84.66666666666667,-84.66666666666667,-84.66666666666667,-84.66666666666667,-85.0,hand_around
48,-85.0,-85.33333333333333,-85.33333333333333,-85.0,-85.0,-85.0,-85.0,-84.66666666666667,-84.66666666666667,-84.66666666666667,-85.0,-85.0,-86.33333333333333,-86.33333333333333,-86.66666666666667,-86.66666666666667,-86.66666666666667,-86.33333333333333,-85.0,-85.0,-85.0,-85.33333333333333,-85.0,-85.0,-84.66666666666667,-85.0,-84.66666666666667,-84.33333333333333,-84.33333333333333,-84.66666666666667,-84.66666666666667,-85.33333333333333,-85.66666666666667,-85.66666666666667,-86.0,-86.0,-86.0,-85.0,-84.66666666666667,-84.66666666666667,-84.33333333333333,-84.0,-84.33333333333333,-84.66666666666667,-85.0,-85.33333333333333,-85.66666666666667,-85.66666666666667,-85.33333333333333,-85.0,-84.66666666666667,-84.66666666666667,-84.33333333333333,-84.33333333333333,-84.66666666666667,-85.0,-85.33333333333333,-85.0,-85.33333333333333,-85.33333333333333,-85.33333333333333,-85.0,-85.0,-85.0,-84.66666666666667,-85.0,-85.0,-85.0,-85.0,-85.0,-85.0,-84.66666666666667,-84.33333333333333,-84.66666666666667,-84.33333333333333,-84.33333333333333,-84.66666666666667,-84.66666666666667,-84.66666666666667,-84.33333333333333,-84.66666666666667,-84.66666666666667,-84.33333333333333,-85.33333333333333,-85.33333333333333,-85.66666666666667,-85.33333333333333,-85.33333333333333,-85.66666666666667,-85.0,-85.0,-86.0,-86.0,-86.33333333333333,-86.0,-85.66666666666667,-85.66666666666667,-84.66666666666667,-85.0,-85.0,hand_around
49,-85.33333333333333,-85.66666666666667,-86.0,-86.0,-86.0,-85.66666666666667,-85.66666666666667,-85.66666666666667,-85.66666666666667,-85.66666666666667,-85.66666666666667,-85.66666666666667,-85.33333333333333,-85.0,-85.0,-84.66666666666667,-84.66666666666667,-85.0,-85.0,-85.0,-85.0,-85.33333333333333,-85.0,-84.66666666666667,-84.66666666666667,-84.66666666666667,-86.0,-87.33333333333333,-87.66666666666667,-87.66666666666667,-87.66666666666667,-88.0,-86.33333333333333,-84.66666666666667,-84.33333333333333,-84.66666666666667,-85.0,-84.66666666666667,-84.66666666666667,-84.66666666666667,-84.66666666666667,-84.33333333333333,-84.33333333333333,-84.66666666666667,-85.0,-85.0,-85.33333333333333,-85.66666666666667,-85.33333333333333,-85.33333333333333,-85.0,-85.0,-84.66666666666667,-84.33333333333333,-84.66666666666667,-84.66666666666667,-85.0,-85.0,-85.33333333333333,-85.33333333333333,-85.33333333333333,-85.33333333333333,-85.0,-85.33333333333333,-85.0,-85.33333333333333,-85.0,-85.0,-85.0,-85.0,-85.33333333333333,-85.0,-85.33333333333333,-85.0,-85.0,-85.0,-84.66666666666667,-84.66666666666667,-84.33333333333333,-84.66666666666667,-85.0,-85.0,-85.33333333333333,-85.66666666666667,-85.66666666666667,-85.33333333333333,-85.33333333333333,-85.33333333333333,-85.0,-85.0,-85.0,-85.33333333333333,-85.33333333333333,-85.0,-85.33333333333333,-85.33333333333333,-85.66666666666667,-85.33333333333333,-85.0,-85.0,hand_around
50,-85.0,-85.0,-84.66666666666667,-85.0,-85.33333333333333,-85.33333333333333,-85.33333333333333,-85.0,-85.0,-84.66666666666667,-84.66666666666667,-85.0,-84.66666666666667,-85.0,-85.0,-85.0,-85.0,-85.0,-85.0,-85.0,-85.0,-85.33333333333333,-85.33333333333333,-85.33333333333333,-85.66666666666667,-85.33333333333333,-85.66666666666667,-85.33333333333333,-85.0,-85.0,-84.66666666666667,-85.66666666666667,-86.66666666666667,-87.0,-87.0,-87.0,-87.0,-86.33333333333333,-85.33333333333333,-85.33333333333333,-85.66666666666667,-85.66666666666667,-86.0,-85.66666666666667,-85.66666666666667,-85.66666666666667,-85.33333333333333,-85.0,-85.0,-85.33333333333333,-85.33333333333333,-85.33333333333333,-85.66666666666667,-86.0,-86.0,-86.0,-85.66666666666667,-85.66666666666667,-85.66666666666667,-85.33333333333333,-85.33333333333333,-85.33333333333333,-85.66666666666667,-85.66666666666667,-85.66666666666667,-85.66666666666667,-85.66666666666667,-85.33333333333333,-85.33333333333333,-85.0,-85.0,-85.33333333333333,-85.33333333333333,-85.33333333333333,-85.0,-85.33333333333333,-85.0,-84.66666666666667,-84.33333333333333,-84.66666666666667,-85.66666666666667,-85.66666666666667,-86.0,-86.33333333333333,-86.66666666666667,-86.66666666666667,-85.66666666666667,-85.33333333333333,-85.0,-85.0,-85.0,-84.66666666666667,-84.66666666666667,-85.0,-85.33333333333333,-85.33333333333333,-85.0,-85.0,-85.0,-84.66666666666667,hand_around
51,-84.33333333333333,-84.33333333333333,-84.66666666666667,-85.66666666666667,-85.66666666666667,-86.0,-86.33333333333333,-86.33333333333333,-86.0,-85.0,-85.0,-84.66666666666667,-84.66666666666667,-84.33333333333333,-85.33333333333333,-85.33333333333333,-85.66666666666667,-87.0,-87.0,-87.33333333333333,-86.66666666666667,-86.66666666666667,-86.66666666666667,-85.66666666666667,-85.33333333333333,-85.33333333333333,-85.0,-85.0,-85.0,-84.66666666666667,-85.0,-84.66666666666667,-84.66666666666667,-85.0,-85.0,-85.0,-84.66666666666667,-84.66666666666667,-85.0,-84.66666666666667,-84.33333333333333,-84.33333333333333,-84.33333333333333,-84.33333333333333,-84.0,-84.0,-84.0,-84.0,-84.33333333333333,-84.33333333333333,-84.33333333333333,-84.66666666666667,-85.0,-85.33333333333333,-85.0,-85.0,-85.0,-84.66666666666667,-84.33333333333333,-84.33333333333333,-84.66666666666667,-85.0,-85.33333333333333,-85.66666666666667,-85.66666666666667,-85.33333333333333,-85.33333333333333,-85.0,-85.0,-84.66666666666667,-84.66666666666667,-85.0,-84.66666666666667,-84.66666666666667,-84.33333333333333,-84.33333333333333,-84.33333333333333,-84.0,-84.0,-84.33333333333333,-84.33333333333333,-84.33333333333333,-84.33333333333333,-84.66666666666667,-84.66666666666667,-84.33333333333333,-84.33333333333333,-84.66666666666667,-84.66666666666667,-84.66666666666667,-84.66666666666667,-84.66666666666667,-85.0,-84.66666666666667,-85.0,-84.33333333333333,-84.33333333333333,-84.33333333333333,-84.0,-84.0,hand_around
52,-84.0,-84.33333333333333,-84.66666666666667,-84.66666666666667,-84.66666666666667,-84.66666666666667,-84.33333333333333,-84.33333333333333,-84.0,-84.0,-84.0,-84.0,-84.0,-84.0,-85.0,-85.0,-85.33333333333333,-85.33333333333333,-85.33333333333333,-85.66666666666667,-84.66666666666667,-84.66666666666667,-84.33333333333333,-84.33333333333333,-84.33333333333333,-84.0,-84.0,-84.0,-84.0,-84.0,-84.0,-84.0,-84.0,-84.0,-84.33333333333333,-84.33333333333333,-84.33333333333333,-84.33333333333333,-84.66666666666667,-84.66666666666667,-84.66666666666667,-84.66666666666667,-84.66666666666667,-84.66666666666667,-84.33333333333333,-84.66666666666667,-84.33333333333333,-84.33333333333333,-84.66666666666667,-84.66666666666667,-85.0,-85.0,-85.33333333333333,-85.33333333333333,-85.0,-85.0,-84.66666666666667,-84.33333333333333,-84.33333333333333,-84.33333333333333,-84.66666666666667,-85.0,-85.0,-85.33333333333333,-85.0,-85.0,-84.66666666666667,-84.33333333333333,-84.66666666666667,-84.33333333333333,-84.66666666666667,-84.66666666666667,-84.66666666666667,-84.66666666666667,-84.33333333333333,-84.33333333333333,-84.0,-84.0,-84.33333333333333,-84.33333333333333,-84.66666666666667,-85.0,-85.0,-85.0,-84.66666666666667,-84.66666666666667,-84.33333333333333,-84.0,-84.33333333333333,-84.66666666666667,-84.66666666666667,-84.66666666666667,-84.66666666666667,-84.66666666666667,-84.33333333333333,-84.0,-84.33333333333333,-84.66666666666667,-84.66666666666667,-85.0,hand_around
53,-85.0,-84.66666666666667,-84.66666666666667,-84.33333333333333,-84.33333333333333,-84.0,-84.0,-84.33333333333333,-84.0,-84.33333333333333,-84.33333333333333,-84.0,-85.0,-85.0,-85.0,-84.66666666666667,-85.0,-85.66666666666667,-84.66666666666667,-84.66666666666667,-84.66666666666667,-84.66666666666667,-84.33333333333333,-84.0,-84.0,-84.0,-84.33333333333333,-84.33333333333333,-84.33333333333333,-84.66666666666667,-84.66666666666667,-84.66666666666667,-84.66666666666667,-85.0,-85.0,-84.66666666666667,-85.0,-85.33333333333333,-85.33333333333333,-85.33333333333333,-85.33333333333333,-85.33333333333333,-85.0,-84.66666666666667,-84.33333333333333,-84.33333333333333,-84.33333333333333,-84.66666666666667,-85.0,-85.0,-85.33333333333333,-85.0,-85.0,-84.66666666666667,-84.66666666666667,-84.66666666666667,-84.33333333333333,-84.33333333333333,-84.33333333333333,-84.33333333333333,-84.33333333333333,-84.33333333333333,-84.33333333333333,-84.33333333333333,-84.33333333333333,-84.33333333333333,-84.33333333333333,-84.33333333333333,-84.66666666666667,-84.66666666666667,-84.66666666666667,-84.66666666666667,-84.33333333333333,-84.66666666666667,-84.33333333333333,-84.33333333333333,-84.33333333333333,-84.66666666666667,-84.66666666666667,-84.33333333333333,-84.33333333333333,-84.66666666666667,-84.66666666666667,-84.33333333333333,-84.33333333333333,-84.33333333333333,-84.33333333333333,-84.0,-84.0,-84.0,-84.33333333333333,-84.33333333333333,-84.66666666666667,-84.66666666666667,-84.66666666666667,-84.66666666666667,-84.33333333333333,-84.66666666666667,-84.33333333333333,-84.33333333333333,hand_around
54,-84.33333333333333,-84.33333333333333,-84.33333333333333,-84.33333333333333,-84.33333333333333,-84.33333333333333,-84.33333333333333,-84.33333333333333,-84.33333333333333,-84.0,-84.0,-84.0,-84.0,-84.0,-84.0,-84.0,-84.0,-84.33333333333333,-84.66666666666667,-84.66666666666667,-84.66666666666667,-84.66666666666667,-84.66666666666667,-84.33333333333333,-84.0,-84.0,-84.0,-84.0,-84.33333333333333,-84.33333333333333,-84.33333333333333,-84.33333333333333,-84.66666666666667,-84.66666666666667,-84.33333333333333,-84.33333333333333,-84.33333333333333,-84.33333333333333,-84.0,-84.33333333333333,-84.33333333333333,-84.33333333333333,-84.33333333333333,-84.33333333333333,-84.33333333333333,-84.0,-84.0,-84.0,-84.0,-84.0,-84.0,-84.0,-84.0,-85.33333333333333,-85.33333333333333,-86.33333333333333,-86.33333333333333,-86.33333333333333,-86.33333333333333,-85.0,-85.0,-84.0,-84.0,-84.0,-84.0,-84.0,-84.0,-84.33333333333333,-84.33333333333333,-84.33333333333333,-84.33333333333333,-84.33333333333333,-84.33333333333333,-84.0,-84.0,-84.0,-84.0,-84.0,-84.0,-84.0,-84.0,-84.0,-84.0,-84.0,-84.0,-84.33333333333333,-84.66666666666667,-84.66666666666667,-84.66666666666667,-84.66666666666667,-84.66666666666667,-84.33333333333333,-84.33333333333333,-84.33333333333333,-84.33333333333333,-84.33333333333333,-84.33333333333333,-85.66666666666667,-85.33333333333333,-85.66666666666667,hand_around
55,-85.66666666666667,-85.66666666666667,-85.66666666666667,-84.33333333333333,-84.33333333333333,-84.0,-84.33333333333333,-84.66666666666667,-84.66666666666667,-84.66666666666667,-84.66666666666667,-84.66666666666667,-84.33333333333333,-84.0,-84.0,-84.33333333333333,-84.33333333333333,-84.33333333333333,-84.33333333333333,-84.33333333333333,-84.33333333333333,-84.0,-84.0,-84.0,-84.0,-84.0,-84.0,-84.0,-84.0,-84.0,-84.0,-84.0,-85.33333333333333,-85.33333333333333,-85.66666666666667,-85.66666666666667,-85.66666666666667,-86.0,-85.0,-85.0,-84.66666666666667,-84.66666666666667,-84.66666666666667,-84.33333333333333,-84.0,-84.0,-84.0,-84.33333333333333,-84.33333333333333,-84.66666666666667,-84.66666666666667,-84.66666666666667,-85.0,-85.0,-85.33333333333333,-85.0,-85.0,-85.0,-85.66666666666667,-85.33333333333333,-85.0,-85.0,-85.33333333333333,-85.66666666666667,-84.66666666666667,-84.66666666666667,-84.66666666666667,-84.66666666666667,-84.33333333333333,-84.0,-84.0,-84.0,-84.0,-84.33333333333333,-84.33333333333333,-84.66666666666667,-84.66666666666667,-85.0,-85.33333333333333,-85.33333333333333,-85.66666666666667,-85.33333333333333,-85.66666666666667,-85.33333333333333,-85.33333333333333,-85.0,-85.0,-85.0,-84.66666666666667,-84.66666666666667,-84.33333333333333,-84.66666666666667,-84.66666666666667,-84.66666666666667,-85.0,-85.33333333333333,-85.33333333333333,-85.0,-85.0,-85.0,hand_around
56,-85.0,-85.0,-85.0,-85.0,-84.66666666666667,-85.0,-85.0,-85.0,-85.0,-85.0,-85.0,-85.0,-85.0,-84.66666666666667,-85.0,-85.33333333333333,-85.33333333333333,-86.66666666666667,-86.33333333333333,-86.33333333333333,-86.0,-85.66666666666667,-85.66666666666667,-84.33333333333333,-84.66666666666667,-84.66666666666667,-85.0,-85.0,-85.0,-84.66666666666667,-84.33333333333333,-84.33333333333333,-84.0,-84.0,-84.33333333333333,-84.33333333333333,-84.33333333333333,-84.33333333333333,-84.0,-84.0,-84.0,-84.0,-84.0,-84.0,-84.33333333333333,-84.33333333333333,-84.0,-83.66666666666667,-83.66666666666667,-84.0,-84.33333333333333,-84.33333333333333,-84.66666666666667,-85.0,-85.0,-84.66666666666667,-84.66666666666667,-85.0,-84.66666666666667,-84.66666666666667,-85.0,-85.33333333333333,-85.0,-85.0,-85.0,-85.33333333333333,-85.0,-84.66666666666667,-84.66666666666667,-84.66666666666667,-84.66666666666667,-84.66666666666667,-85.0,-85.33333333333333,-85.66666666666667,-85.66666666666667,-85.66666666666667,-85.33333333333333,-85.0,-85.0,-85.0,-85.0,-85.33333333333333,-85.66666666666667,-86.0,-86.0,-85.66666666666667,-85.33333333333333,-85.0,-85.0,-85.0,-85.0,-85.33333333333333,-85.66666666666667,-86.0,-85.66666666666667,-85.33333333333333,-85.0,-85.0,-84.66666666666667,hand_around
57,-84.33333333333333,-86.0,-86.33333333333333,-86.33333333333333,-86.0,-86.0,-86.0,-84.33333333333333,-84.0,-84.0,-84.0,-84.0,-84.0,-84.33333333333333,-84.66666666666667,-84.66666666666667,-85.0,-85.0,-85.0,-84.66666666666667,-84.33333333333333,-84.66666666666667,-84.33333333333333,-85.66666666666667,-85.66666666666667,-86.0,-86.0,-85.66666666666667,-86.0,-84.66666666666667,-85.0,-85.0,-85.33333333333333,-85.33333333333333,-85.0,-85.0,-86.66666666666667,-86.33333333333333,-86.0,-86.0,-86.0,-86.0,-84.0,-84.0,-84.0,-84.0,-84.0,-84.33333333333333,-84.66666666666667,-84.66666666666667,-85.0,-85.0,-85.0,-84.66666666666667,-84.33333333333333,-84.33333333333333,-84.0,-84.0,-84.0,-84.0,-84.33333333333333,-84.33333333333333,-84.33333333333333,-84.33333333333333,-84.33333333333333,-84.33333333333333,-84.0,-84.0,-84.0,-84.0,-84.33333333333333,-84.33333333333333,-84.33333333333333,-84.33333333333333,-84.33333333333333,-84.33333333333333,-84.0,-84.0,-84.0,-84.0,-84.0,-84.0,-84.0,-84.33333333333333,-85.66666666666667,-86.0,-87.33333333333333,-87.33333333333333,-87.33333333333333,-87.0,-85.66666666666667,-85.33333333333333,-84.0,-84.0,-84.0,-84.0,-84.0,-84.0,-84.0,-84.0,hand_around
58,-84.0,-84.33333333333333,-84.33333333333333,-84.33333333333333,-84.33333333333333,-84.33333333333333,-85.33333333333333,-85.0,-85.0,-85.33333333333333,-85.33333333333333,-86.66666666666667,-85.66666666666667,-85.66666666666667,-85.66666666666667,-85.33333333333333,-85.33333333333333,-84.0,-84.0,-84.0,-84.33333333333333,-84.33333333333333,-85.66666666666667,-85.66666666666667,-85.66666666666667,-85.66666666666667,-85.33333333333333,-85.33333333333333,-84.33333333333333,-84.33333333333333,-84.33333333333333,-84.33333333333333,-84.33333333333333,-84.33333333333333,-84.0,-84.0,-84.0,-84.33333333333333,-84.33333333333333,-85.66666666666667,-86.0,-86.0,-86.0,-85.66666666666667,-85.66666666666667,-84.33333333333333,-84.0,-84.0,-84.0,-84.0,-84.0,-84.0,-84.33333333333333,-84.33333333333333,-84.66666666666667,-84.66666666666667,-84.66666666666667,-84.66666666666667,-84.66666666666667,-84.66666666666667,-84.33333333333333,-84.33333333333333,-84.33333333333333,-84.33333333333333,-84.0,-84.33333333333333,-84.33333333333333,-84.66666666666667,-84.66666666666667,-84.66666666666667,-84.66666666666667,-84.33333333333333,-84.33333333333333,-84.0,-84.33333333333333,-84.33333333333333,-84.33333333333333,-84.33333333333333,-84.33333333333333,-84.33333333333333,-84.33333333333333,-84.66666666666667,-85.0,-85.0,-85.33333333333333,-85.66666666666667,-85.33333333333333,-85.0,-84.66666666666667,-85.0,-85.0,-85.0,-85.0,-85.0,-85.0,-84.66666666666667,-84.33333333333333,-84.33333333333333,-84.33333333333333,-84.33333333333333,hand_around
59,-84.33333333333333,-84.33333333333333,-84.66666666666667,-84.33333333333333,-84.33333333333333,-84.33333333333333,-84.33333333333333,-84.66666666666667,-84.33333333333333,-84.33333333333333,-84.33333333333333,-84.33333333333333,-84.66666666666667,-84.33333333333333,-84.33333333333333,-84.66666666666667,-84.66666666666667,-85.0,-85.0,-85.33333333333333,-85.66666666666667,-85.66666666666667,-85.66666666666667,-85.33333333333333,-85.33333333333333,-85.0,-84.66666666666667,-84.33333333333333,-84.33333333333333,-84.33333333333333,-84.33333333333333,-84.33333333333333,-84.33333333333333,-84.33333333333333,-84.66666666666667,-84.66666666666667,-84.66666666666667,-84.66666666666667,-85.0,-85.0,-85.0,-85.0,-84.66666666666667,-85.0,-85.0,-85.0,-84.66666666666667,-85.0,-85.33333333333333,-85.33333333333333,-85.33333333333333,-85.66666666666667,-86.0,-86.0,-86.0,-86.0,-86.0,-86.0,-86.0,-86.0,-86.0,-85.66666666666667,-85.66666666666667,-85.33333333333333,-85.33333333333333,-85.33333333333333,-85.33333333333333,-85.66666666666667,-86.66666666666667,-87.0,-86.66666666666667,-86.33333333333333,-86.33333333333333,-86.33333333333333,-85.33333333333333,-85.0,-85.0,-85.33333333333333,-85.0,-85.0,-85.0,-85.33333333333333,-85.66666666666667,-85.33333333333333,-85.33333333333333,-85.0,-85.0,-84.66666666666667,-84.66666666666667,-86.0,-86.33333333333333,-86.66666666666667,-88.0,-88.0,-88.0,-87.0,-87.0,-86.66666666666667,-85.0,-85.0,hand_around
